pmid,title,journal,pub_date,impact,topic,subtopic,diabetes_subtype,study_type,board_relevant,is_new,is_archived
42175714,"Glucocorticoids in pregnancy: A master-switch for fetal maturation.","Endocrine reviews","2026 May 23",LOW,Adrenal,"","",Other,0,1,0
40105472,"Clinical and Molecular Landscape of Weiss-Kruszka Syndrome: A Case Report and Literature Review.","Journal of clinical research in pediatric endocrinology","2026 May 22",MODERATE,Growth,"","",Review,1,1,0
40045579,"A Novel SRD5A2 Loss-of-Function Variant in a Chinese Child with 5α-reductase Type 2 Deficiency.","Journal of clinical research in pediatric endocrinology","2026 May 22",LOW,Diabetes,General,T2D,Other,0,1,0
39311599,"Hereditary Pheochromocytoma as a Major Manifestation of von Hippel Lindau Disease (vHL) in Childhood: Long-term Follow-up of Five Patients with vHL from One Family.","Journal of clinical research in pediatric endocrinology","2026 May 22",LOW,Adrenal,"","",Other,0,1,0
39415662,"Unraveling a Genetic Puzzle: Could MAP3K7 Be a Candidate Gene for RASopathies?","Journal of clinical research in pediatric endocrinology","2026 May 22",LOW,Growth,"","",Other,0,1,0
40099975,"Thauvin-Robinet-Faivre Syndrome: A FIBP Variant in an Adolescent with Segmental Overgrowth and Thyroid Carcinoma.","Journal of clinical research in pediatric endocrinology","2026 May 22",LOW,Growth,"","",Other,0,1,0
38912718,"A Rare Presentation of 17α-Hydroxylase/17,20-Lyase Deficiency in a Patient with Non-Hodgkin’s Lymphoma: A Case Report.","Journal of clinical research in pediatric endocrinology","2026 May 22",LOW,Puberty,"","",Other,0,1,0
39462987,"A Rare Coexistence of Turner Syndrome and Mycosis Fungoides: A Case Report.","Journal of clinical research in pediatric endocrinology","2026 May 22",LOW,Growth,"","",Other,0,1,0
39710984,"Permanent Neonatal Diabetes with High Insulin Requirements due to a New Variant in the INS Gene.","Journal of clinical research in pediatric endocrinology","2026 May 22",LOW,Diabetes,General,MODY/Monogenic,Other,0,1,0
39012089,"Autosomal Recessive Hypophosphatemic Rickets Type 2 Associated with a Novel ENPP1 Variant in a Taiwanese Girl.","Journal of clinical research in pediatric endocrinology","2026 May 22",LOW,Bone/Calcium,"","",Other,0,1,0
40103355,"Xp21 Contiguous Gene Deletion Syndrome: Diagnosis, Treatment, and a Review of the Literature on a Rare Genetic Disorder.","Journal of clinical research in pediatric endocrinology","2026 May 22",MODERATE,Adrenal,"","",Review,1,1,0
42170892,"APPROACH TO THE PATIENT: Genetics and Management of Congenital Hypothyroidism.","The Journal of clinical endocrinology and metabolism","2026 May 22",LOW,Pituitary,"","",Other,0,1,0
39387353,"Gonadoblastoma with Dysgerminoma in a Virilized Adolescent with Karyotype 46,XX: A Case Report and Review of the Literature.","Journal of clinical research in pediatric endocrinology","2026 May 22",MODERATE,DSD,"","",Review,1,1,0
39311760,"A Rare Cause of Proportional Short Stature and Puberty Precocity: Floating-Harbor Syndrome.","Journal of clinical research in pediatric endocrinology","2026 May 22",LOW,Growth,"","",Other,0,1,0
39723761,"A Rare Cause of Neonatal Salt Wasting Syndrome: Clinical Management of a Case Diagnosed with Pseudohypoaldosteronism due to a Novel Homozygous Variant in the SCNN1B Gene.","Journal of clinical research in pediatric endocrinology","2026 May 22",LOW,Adrenal,"","",Other,0,1,0
39851060,"Cabergoline Induced Pathological Gambling in an Adolescent with Prolactinoma.","Journal of clinical research in pediatric endocrinology","2026 May 22",LOW,Pituitary,"","",Other,0,1,0
40338032,"Atypical Presentation of New Onset Diabetes with Hyperglycemic Hyperosmolar State in Two Toddlers.","Journal of clinical research in pediatric endocrinology","2026 May 22",LOW,Diabetes,General,T1D,Other,0,1,0
42171631,"Anorexia Nervosa Emerging After Swyer Syndrome Diagnosis.","Journal of clinical research in pediatric endocrinology","2026 May 22",LOW,"General Endocrinology","","",Other,0,1,0
42165353,"Glycemic Concordance of Simplera Sync™ and Instinct™ Sensors in MiniMed™ 780G System Users: A Randomized Crossover Feasibility Study.","Diabetes technology & therapeutics","2026 May 21",HIGH,Diabetes,Technology,T1D,RCT,1,1,0
42153511,"Nine-year cinacalcet monotherapy in a child with neonatal severe hyperparathyroidism caused by compound heterozygous CASR mutations.","Journal of pediatric endocrinology & metabolism : JPEM","2026 May 20",LOW,Bone/Calcium,"","",Other,0,1,0
42153771,"Clinical course of Graves' orbitopathy in children with newly diagnosed hyperthyroidism: a prospective observational study.","Journal of pediatric endocrinology & metabolism : JPEM","2026 May 20",LOW,Thyroid,"","","Prospective Study",0,1,0
42161884,"Fibrous Dysplasia in Hospitalized Patients in France: Prevalence and Associated Manifestations from a Health Database.","The Journal of clinical endocrinology and metabolism","2026 May 20",MODERATE,Thyroid,"","",Observational/Cohort,0,1,0
42163449,"Response to: Quiros et al.: Baseline Glycemic Control and AID Efficacy in Type 1 Diabetes and Pregnancy.","Diabetes technology & therapeutics","2026 May 20",LOW,Diabetes,General,T1D,Letter/Correspondence,0,1,1
42161334,"Continuous subcutaneous recombinant PTH(1-34) infusion improves serum calcium and phosphate homeostasis in children with autosomal dominant hypocalcemia type 1 refractory to standard-of-care treatment.","European journal of endocrinology","2026 May 20",MODERATE,Bone/Calcium,"",T1D,"Prospective Study",0,1,0
42159169,"Glycemic Outcomes and Device Engagement Over 18 Months Following Initiation of Two Different Automated Insulin Delivery Systems in American Youth With Type 1 Diabetes.","Diabetes technology & therapeutics","2026 May 20",MODERATE,Diabetes,Technology,T1D,"Real-World Study",0,1,0
41396850,"Causal Effect of Type 1 Diabetes on Juvenile Idiopathic Arthritis and the Mediating Role of CD8+ Natural Killer T Cells.","The Journal of clinical endocrinology and metabolism","2026 May 19",LOW,Diabetes,General,T1D,Other,0,1,0
41420533,"Effects of Growth Hormone (GH) Deficiency and GH Replacement Therapy on Health-Related Physical Fitness in Children.","The Journal of clinical endocrinology and metabolism","2026 May 19",LOW,Growth,"","",Other,0,1,0
41498210,"Radiological Surveillance for Pituitary Adenomas in Multiple Endocrine Neoplasia Type 1: A Longitudinal Cohort Study.","The Journal of clinical endocrinology and metabolism","2026 May 19",MODERATE,"General Endocrinology","","",Observational/Cohort,0,1,0
41389002,"Nocturnal melatonin secretion and risk of type 2 diabetes: a prospective cohort study.","The Journal of clinical endocrinology and metabolism","2026 May 19",MODERATE,Diabetes,General,T2D,Observational/Cohort,0,1,0
41402995,"Lifestyle intervention before and during fertility treatment in women with obesity or with overweight and PCOS-a RCT.","The Journal of clinical endocrinology and metabolism","2026 May 19",HIGH,PCOS,"","",RCT,0,1,0
42148757,"Fresh frozen plasma as functional replacement therapy in early infantile ApoC-II deficiency: a molecularly confirmed case series.","Journal of pediatric endocrinology & metabolism : JPEM","2026 May 19",LOW,Genetics,"","","Case Series",0,1,0
42148688,"Associations of personal solar UV exposure with gut microbiota diversity and BMI among preschool children in China.","Journal of pediatric endocrinology & metabolism : JPEM","2026 May 19",LOW,Obesity/Metabolic,"","",Cross-Sectional,0,1,0
42148554,"Beyond A1c: a narrative review of mental health integration in pediatric type 1 diabetes care.","Journal of pediatric endocrinology & metabolism : JPEM","2026 May 19",MODERATE,Diabetes,General,T1D,Review,0,1,0
42156235,"Growth Patterns and Bone Maturation in Children with Sex Chromosomal (45,X/46,XY) DSD.","European journal of endocrinology","2026 May 19",MODERATE,Growth,"","",Observational/Cohort,0,1,0
42149805,"Clinical Presentation and Outcomes of Insulinomas in Pediatric Patients.","Hormone research in paediatrics","2026 May 18",LOW,Growth,"","",Observational/Cohort,0,1,0
42149794,"Outcomes of phentermine-topiramate in children living with Duchenne muscular dystrophy.","Hormone research in paediatrics","2026 May 18",LOW,Obesity/Metabolic,"","","Prospective Study",0,1,0
42144862,"Navepegritide Combined with Lonapegsomatropin for the Treatment of Children with Achondroplasia: 52-Week Results from the Phase 2 COACH Trial.","European journal of endocrinology","2026 May 18",LOW,Growth,"","","Prospective Study",0,1,0
42144695,"Challenges in Diagnosing Central Adrenal Insufficiency in Children: Cortisol-Stimulating Tests are Safe and Often Required.","Clinical endocrinology","2026 May 17",MODERATE,Pituitary,"","",Observational/Cohort,0,1,0
42144818,"Growth Hormone Treatment Response and Machine Learning-Based Prediction in Idiopathic GHD and ISS: Analysis of the Korean LG Growth Study.","Clinical endocrinology","2026 May 17",MODERATE,Growth,"","",Observational/Cohort,0,1,0
42137950,"Reliability of point-of-care glucose in neonates: revisiting hypoglycemia protocols in the NICU.","Journal of pediatric endocrinology & metabolism : JPEM","2026 May 15",LOW,Diabetes,General,General,Observational/Cohort,0,0,0
42139164,"Healthcare professionals' experience with routine mental health screening in pediatric diabetes care: findings from a global survey.","Hormone research in paediatrics","2026 May 15",LOW,Diabetes,General,General,"Pilot Study",0,0,0
42139545,"Who Leads, Who Treats, What Dose? European Paediatric DTC Practice - an EXPeRT survey.","European journal of endocrinology","2026 May 15",LOW,Thyroid,"","",Cross-Sectional,0,0,0
42130456,"Parent-perceived stressors and stress-dosing practices during suspected adrenal crisis in children with congenital adrenal hyperplasia: a cross-sectional, parent-reported study.","Journal of pediatric endocrinology & metabolism : JPEM","2026 May 15",LOW,Adrenal,"","",Cross-Sectional,0,0,0
42138093,"A Simplified Method for Assessing Bone Age in Adolescents.","Clinical endocrinology","2026 May 15",LOW,Growth,"","",Observational/Cohort,0,0,0
42138117,"Malignancy in Pediatric Hyperfunctioning Thyroid Nodules: A Case Report and Literature Review.","Clinical endocrinology","2026 May 15",LOW,Puberty,"","",Other,0,0,0
42131990,"Central congenital hypothyroidism caused by TSHB gene mutation: a case report.","Journal of pediatric endocrinology & metabolism : JPEM","2026 May 15",LOW,Diabetes,General,General,Other,0,0,0
42131996,"Maternal β-hCG and neonatal hormone profiles as predictors of anogenital distance: assessing the fetal reproductive axis.","Journal of pediatric endocrinology & metabolism : JPEM","2026 May 15",LOW,Puberty,"","",Cross-Sectional,0,0,0
42138725,"Reduced Prevalence of Impaired Awareness of Hypoglycemia Over Two Decades in Population-Based Samples of Youth With Type 1 Diabetes.","Diabetes care","2026 May 15",MODERATE,Diabetes,Technology,T1D,Observational/Cohort,0,0,0
42138126,"US Patterns in Clinical Islet Autoantibody Ordering and Results Show Key Differences After Teplizumab Regulatory Approval.","The Journal of clinical endocrinology and metabolism","2026 May 15",MODERATE,Diabetes,General,T1D,"Real-World Study",0,0,0
42129590,"Are children with inborn errors of metabolism and cystic fibrosis adequately protected? Immunization status and seroepidemiological evaluation of vaccine-preventable diseases.","Journal of pediatric endocrinology & metabolism : JPEM","2026 May 14",MODERATE,Genetics,"","",Observational/Cohort,0,0,0
42129603,"Digital biomarkers of pediatric metabolic health in children with obesity: insights from wearable-derived heart rate data.","Journal of pediatric endocrinology & metabolism : JPEM","2026 May 14",LOW,Obesity/Metabolic,"","",Other,0,0,0
42126092,"Longitudinal Circulating Procollagen-markers PRO-C1 and PRO-C2 Reflect Pubertal Growth Spurt in Healthy Adolescents.","The Journal of clinical endocrinology and metabolism","2026 May 13",MODERATE,Growth,"","","Prospective Study",0,0,0
42112678,"Xq27.3-q28 duplication involving the FMR1 gene presenting with familial X-linked hypogonadism, gynecomastia, short stature, intellectual disability, and obesity syndrome: a case report and review of the literature.","Journal of pediatric endocrinology & metabolism : JPEM","2026 May 12",LOW,Growth,"","",Other,0,0,0
42112595,"Genetic evaluation of a group of patients with transient congenital hypothyroidism by targeted exome sequencing.","Journal of pediatric endocrinology & metabolism : JPEM","2026 May 12",LOW,Thyroid,"","",Other,0,0,0
42112796,"The first neonatal case of Juvenile Paget disease with homozygous deletion in the TNFRSF11B gene.","Journal of pediatric endocrinology & metabolism : JPEM","2026 May 12",LOW,"General Endocrinology","","",Other,0,0,0
42124437,"Real-World Total Daily Insulin Dose in over 14,000 Young Individuals with Type 1 Diabetes in the United States.","Diabetes technology & therapeutics","2026 May 12",LOW,Diabetes,Technology,T1D,Observational/Cohort,0,0,0
42112602,"Serum selenium levels in children and adolescents with Hashimoto's thyroiditis: a cross-sectional case-control study.","Journal of pediatric endocrinology & metabolism : JPEM","2026 May 12",LOW,Thyroid,"","",Cross-Sectional,0,0,0
42116681,"Epigenetics and Childhood Obesity: DNA Methylation Coordinates Environment and Gene Regulation.","Endocrine reviews","2026 May 11",MODERATE,Obesity/Metabolic,"","",Observational/Cohort,0,0,0
42112752,"Real-World Ketone Testing Patterns Among People Using FreeStyle Libre.","Diabetes technology & therapeutics","2026 May 11",LOW,Diabetes,Technology,General,"Real-World Study",0,0,0
42113731,"Relevance of quantitative measures of beta-cell function in clinical practice.","Hormone research in paediatrics","2026 May 11",MODERATE,Diabetes,General,T1D,Review,0,0,0
42105324,"Approach to the diagnosis and treatment of polycystic ovarian syndrome in adolescent patients.","The Journal of clinical endocrinology and metabolism","2026 May 09",LOW,Puberty,"","",Other,0,0,0
42099043,"Perceptions and Psychological Adverse Effects of Central Precocious Puberty or Early Normal Puberty, and Its Treatment Among Affected Girls and Their Caregivers.","Clinical endocrinology","2026 May 07",LOW,Puberty,"","",Survey/Questionnaire,0,0,0
42090597,"A novel mutation in glycogen storage disease type XI presenting with neonatal cholestasis and infection-triggered hepatic flares.","Journal of pediatric endocrinology & metabolism : JPEM","2026 May 07",LOW,Bone/Calcium,"","",Other,0,0,0
42095272,"Serum Androgen Profile of Elite Athletes.","The Journal of clinical endocrinology and metabolism","2026 May 07",MODERATE,Diabetes,General,T2D,Other,0,0,0
42098923,"Cardiovascular, Renal, and Hepatic Biomarkers Outside Guideline-Recommended Thresholds: Prevalence and Determinants in Type 1 Diabetes.","Diabetes technology & therapeutics","2026 May 07",LOW,Diabetes,General,T1D,Registry/Database,0,0,0
42090204,"Accounting for Age-Related Increases in HbA1c More Accurately Quantifies Risk of Type 1 Diabetes Progression in Islet Autoantibody-Positive Adults.","Diabetes care","2026 May 06",MODERATE,Diabetes,General,T1D,Observational/Cohort,0,0,0
42070968,"Automatic bone age assessment for adult height prediction in children with congenital adrenal hyperplasia.","Journal of pediatric endocrinology & metabolism : JPEM","2026 May 05",LOW,Adrenal,"","",Other,0,0,0
42085356,"Muscle Function and Bone Strength in Children and Adolescents with Tall Stature.","Hormone research in paediatrics","2026 May 05",LOW,Bone/Calcium,"","",Other,0,0,0
42085594,"COVID-19 Vaccinations, SARS-CoV-2 Infections, and Type 1 Diabetes in Finnish Children.","Diabetes care","2026 May 05",MODERATE,Diabetes,General,T1D,Other,0,0,0
42085345,"Advancing Towards Universal Newborn Screening for Congenital Adrenal Hyperplasia in Indonesia: A Nationwide Study on the Knowledge, Perspectives, and Experience of Pediatric Residents and Pediatricians.","Hormone research in paediatrics","2026 May 05",LOW,Adrenal,"","",Survey/Questionnaire,0,0,0
42076862,"Clinical evidence, practical contradictions, and monitoring of rhGH-assisted height enhancement in children with CAH.","Journal of pediatric endocrinology & metabolism : JPEM","2026 May 04",MODERATE,Growth,"","",Review,1,0,0
42082437,"Glucocorticoid Reduction After Starting Crinecerfont in Pediatric Patients With Classic CAH: Practical Perspectives.","The Journal of clinical endocrinology and metabolism","2026 May 04",LOW,Adrenal,"","",Other,0,0,0
42068144,"Real-World Impact of a National Funding-Driven Transition Between Automated Insulin Delivery Systems in Pediatric Type 1 Diabetes.","Diabetes technology & therapeutics","2026 May 02",LOW,Diabetes,Technology,T1D,Observational/Cohort,0,0,0
41911242,"Screening for Diabetes and Prediabetes in Cystic Fibrosis Using a Nonfasting 50-Gram 1-Hour Oral Glucose Challenge Test.","Diabetes care","2026 May 01",MODERATE,Diabetes,General,General,Other,0,0,0
41879358,"Cost-Effectiveness of Continuous Glucose Monitoring With Remote Patient Monitoring in Pediatric Patients With Newly Diagnosed Type 1 Diabetes in the U.S.","Diabetes care","2026 May 01",LOW,Diabetes,Technology,T1D,Other,0,0,0
41875073,"Profiles of Social Determinants of Health and Change in Diabetes Status Among U.S. Hispanic/Latino Adults: HCHS/SOL, 2008-2024.","Diabetes care","2026 May 01",LOW,Diabetes,General,General,Other,0,0,0
41842727,"Hypercholesterolemia and Lipid-Lowering Therapy in Children and Adolescents With Type 1 Diabetes: Do We Implement Current Guidelines?","Diabetes care","2026 May 01",MODERATE,Diabetes,General,T1D,Observational/Cohort,0,0,0
41837708,"Improving the Algorithm: The Inclusion of a Socioeconomic Status Measure in Predicting Type 2 Diabetes Development in Youth With Prediabetes.","Diabetes care","2026 May 01",MODERATE,Diabetes,General,T2D,Other,0,0,0
41779453,"Gestational Diabetes Mellitus, Glycemic Management Trajectories, and Offspring Growth Patterns and Obesity Risk.","Diabetes care","2026 May 01",MODERATE,Diabetes,General,GDM,Observational/Cohort,0,0,0
41770120,"Everyone or Just Some? Cost-Effectiveness of General Population Versus Targeted Screening Strategies for Type 1 Diabetes in Canada.","Diabetes care","2026 May 01",LOW,Diabetes,General,T1D,Other,0,0,0
41563349,"Effect of High-Dose Oral Insulin in Children With Stage 1 Type 1 Diabetes: The Fr1da Insulin Intervention Randomized Controlled Trial.","Diabetes care","2026 May 01",HIGH,Diabetes,General,T1D,RCT,0,0,0
42065735,"Psychosocial implications, acceptability and ethics of screening for paediatric type 1 diabetes: a systematic review and mixed methods evidence synthesis.",Diabetologia,"2026 May 01",HIGH,Diabetes,General,T1D,"Systematic Review",0,0,0
41749424,"Corrigendum to: ""Differences Between Glycemia Estimates from Hemoglobin A1c and Continuous Glucose Monitoring and Their Association with Complete Blood Counts"".","Diabetes technology & therapeutics","2026 May",LOW,Diabetes,Technology,General,Other,0,0,1
41556335,"The Development and Validation of Multivariable Electronic Health Record-Based Models to Predict Diabetic Ketoacidosis-Related Hospitalizations for Adults with Type 1 Diabetes.","Diabetes technology & therapeutics","2026 May",LOW,Diabetes,General,T1D,Observational/Cohort,0,0,0
41439332,"Differences Between Glycemia Estimates from Hemoglobin A1c and Continuous Glucose Monitoring and Their Association with Complete Blood Counts.","Diabetes technology & therapeutics","2026 May",LOW,Diabetes,Technology,T2D,Other,0,0,0
41355764,"Variation in Hypoglycemia Risk During Real-World Physical Activity in Adults with Type 1 Diabetes: Insights from the Type 1 Diabetes Exercise Initiative.","Diabetes technology & therapeutics","2026 May",LOW,Diabetes,Technology,T1D,"Real-World Study",0,0,0
41872555,"The link between heat exposure and gestational diabetes mellitus.","Nature reviews. Endocrinology","2026 May",LOW,Diabetes,General,GDM,Other,0,0,0
41813859,"Peritumoural adipose tissue protects colorectal cancer from immune attack.","Nature reviews. Endocrinology","2026 May",LOW,Other,"General Endocrinology","",Other,0,0,1
41803508,"Living with type 1 diabetes mellitus with Black heritage: my personal journey.","Nature reviews. Endocrinology","2026 May",LOW,Diabetes,General,T1D,Other,0,0,0
41760965,"Dual benefits of HIF activation.","Nature reviews. Endocrinology","2026 May",LOW,"General Endocrinology","","",Other,0,0,0
41634216,"Blood-brain barrier permeability of adipokines and myokines.","Nature reviews. Endocrinology","2026 May",LOW,"General Endocrinology","","",Other,0,0,0
41513899,"Endocrine regulation of the hepatic fasting response: cues, cooperation and consequences.","Nature reviews. Endocrinology","2026 May",HIGH,Diabetes,General,General,Review,0,0,0
41486282,"The autonomic nervous system in the regulation of glucose and lipid metabolism.","Nature reviews. Endocrinology","2026 May",HIGH,Diabetes,General,T2D,Review,0,0,0
41326654,"Parental exercise mediates fetal metabolic and cardiac programming.","Nature reviews. Endocrinology","2026 May",HIGH,Genetics,"","",Review,0,0,0
41310157,"An update on hypophysitis.","Nature reviews. Endocrinology","2026 May",HIGH,Pituitary,"","",Review,0,0,0
41991219,"Secondary causes of diabetes: a crossroad of endocrinology and oncology.","The lancet. Diabetes & endocrinology","2026 May",HIGH,Diabetes,General,General,Review,0,0,0
41991218,"Sex-specific and BMI-specific associations between visceral fat and diabetic kidney disease in patients with diabetes: a large-scale multicentre prospective cohort study.","The lancet. Diabetes & endocrinology","2026 May",MODERATE,Diabetes,General,General,Observational/Cohort,0,0,0
41991217,"Low visceral fat and kidney disease risk in men with diabetes.","The lancet. Diabetes & endocrinology","2026 May",LOW,Diabetes,General,General,Other,0,0,0
41935536,"World Autism Awareness Day: autism and metabolic health.","The lancet. Diabetes & endocrinology","2026 May",LOW,"General Endocrinology","","",Editorial/Commentary,0,0,0
41911938,"Prevalence of early-stage type 1 diabetes in young adults: a population-based cohort study.","The lancet. Diabetes & endocrinology","2026 May",MODERATE,Diabetes,General,T1D,Observational/Cohort,0,0,0
41911937,"Artificial intelligence for interpreting diabetes data using clinician-curated benchmarks.","The lancet. Diabetes & endocrinology","2026 May",LOW,Diabetes,General,General,Letter/Correspondence,0,0,0
41905378,"Analogue insulin, GLP-1, and the WHO Model Essential Medicines List.","The lancet. Diabetes & endocrinology","2026 May",LOW,Diabetes,General,General,Letter/Correspondence,0,0,0
41905377,"Analogue insulin, GLP-1, and the WHO Model Essential Medicines List - Authors reply.","The lancet. Diabetes & endocrinology","2026 May",LOW,Diabetes,General,General,Letter/Correspondence,0,0,0
41905376,"Analogue insulin, GLP-1, and the WHO Model Essential Medicines List.","The lancet. Diabetes & endocrinology","2026 May",LOW,Diabetes,General,General,Letter/Correspondence,0,0,0
41895315,"Can artificial intelligence bridge the gaps for primary diabetes care in low-income and middle-income countries?","The lancet. Diabetes & endocrinology","2026 May",HIGH,Diabetes,General,General,Review,0,0,0
41871592,"Revisiting the burden and patterns of myocardial infarction in type 1 diabetes.","The lancet. Diabetes & endocrinology","2026 May",LOW,Diabetes,General,T1D,Other,0,0,0
41871591,"Comparison of incidence patterns and risk profiles of ST-elevation and non-ST-elevation myocardial infarction in type 1 diabetes in Finland: a nationwide cohort study.","The lancet. Diabetes & endocrinology","2026 May",MODERATE,Diabetes,General,T1D,Observational/Cohort,0,0,0
41864211,"Viral medicine: social media and new expectations of obesity treatment.","The lancet. Diabetes & endocrinology","2026 May",LOW,Obesity/Metabolic,"","",Letter/Correspondence,0,0,0
41839193,"Evaluation of new staging schema for the early diagnosis of dysglycaemia.","The lancet. Diabetes & endocrinology","2026 May",LOW,"General Endocrinology","","",Letter/Correspondence,0,0,0
41831464,"Europe's school food policy gap.","The lancet. Diabetes & endocrinology","2026 May",LOW,"General Endocrinology","","",Other,0,0,0
41819112,"Beyond the heart: the urgent need for a dementia-forward diabetes agenda.","The lancet. Diabetes & endocrinology","2026 May",LOW,Diabetes,General,General,Other,0,0,0
41819111,"Trends in cause-specific mortality among people with and without diabetes in high-income settings: a multinational, population-based study.","The lancet. Diabetes & endocrinology","2026 May",MODERATE,Diabetes,General,T1D,Other,0,0,0
41785911,"Correction to Lancet Diabetes Endocrinol 2026; 14: 197-99.","The lancet. Diabetes & endocrinology","2026 May",LOW,Diabetes,General,General,Other,0,0,1
41611636,"DYRK1A Expression and Thyroid Dysfunction in Subjects With Down Syndrome.","Clinical endocrinology","2026 May",LOW,Thyroid,"","",Cross-Sectional,0,0,0
41472512,"DXA Derived Low Bone Mass in a Cohort of Prepubertal Eastern Indian Girls With Turner Syndrome Disappeared Following Adjustment for Short Stature.","Clinical endocrinology","2026 May",LOW,Growth,"","",Observational/Cohort,0,0,0
41408600,"University Exams and Psychosocial Stress: Effects on Cortisol Rhythmicity in Students.","Clinical endocrinology","2026 May",LOW,Adrenal,"","","Pilot Study",0,0,1
41340166,"Paediatric Virilizing Ovarian Tumors: A Systematic Review.","Clinical endocrinology","2026 May",HIGH,DSD,"","","Systematic Review",0,0,0
41495276,"How adolescents with type 1 diabetes experience physical education in middle school: a qualitative study.",Diabetologia,"2026 May",LOW,Diabetes,Technology,T1D,Other,0,0,0
41692841,"Geospatial clustering of type 1 diabetes in Sweden: a cohort study based on all residential locations from birth to diagnosis.",Diabetologia,"2026 May",MODERATE,Diabetes,General,T1D,Observational/Cohort,0,0,0
41770243,"Beyond BMI: the need for improved adiposity assessment in studying subclinical cardiovascular autonomic neuropathy in children with type 1 diabetes. Reply to Risi R, Buzzetti R, Maddaloni E [letter].",Diabetologia,"2026 May",LOW,Diabetes,General,T1D,Letter/Correspondence,0,0,0
41652263,"Red meat intake during pregnancy and childhood and risk of type 1 diabetes: findings from the ABIS birth cohort.",Diabetologia,"2026 May",MODERATE,Diabetes,General,T1D,Observational/Cohort,0,0,0
42063580,"Natural history of a pediatric cohort with islet autoantibody positivity: a single-center retrospective cohort study.","Journal of the Endocrine Society","2026 May",LOW,Diabetes,General,T1D,Observational/Cohort,0,0,0
41535597,"Teplizumab treatment for stage 2 type 1 diabetes: a real-world evaluation of metabolic and immunological outcomes.",Diabetologia,"2026 May",MODERATE,Diabetes,Technology,T1D,Observational/Cohort,0,0,0
41758328,"Beyond BMI: the need for improved adiposity assessment in studying subclinical cardiovascular autonomic neuropathy in children with type 1 diabetes.",Diabetologia,"2026 May",LOW,Diabetes,General,T1D,Letter/Correspondence,0,0,0
41665666,"Feasibility and performance of minimal-volume capillary blood screening for type 1 diabetes and coeliac disease autoantibodies across all age groups: the UNISCREEN population study.",Diabetologia,"2026 May",MODERATE,Diabetes,General,T1D,Other,0,0,0
42005301,"Longitudinal dynamics of fasting plasma uridine in the preclinical stage of type 1 diabetes.","Journal of the Endocrine Society","2026 May",LOW,Diabetes,General,T1D,Case-Control,0,0,0
41971626,"Impact of idiopathic short stature on children's well-being: a nationwide study of short Danish children.","Journal of the Endocrine Society","2026 May",MODERATE,Growth,"","",Observational/Cohort,0,0,0
41473979,"Growth Hormone Therapy in 5q35 Duplication Syndrome: Evidence From a Long-Term Follow-Up.","Clinical endocrinology","2026 May",LOW,Growth,"","",Other,0,0,0
41203250,"Real-World Use of Hybrid Closed-Loop System in Very Young Children with Type 1 Diabetes: Daily Glycemic Patterns Support Glycemic Improvements and Highlight Emerging Challenges for Hypoglycemia.","Diabetes technology & therapeutics","2026 May",LOW,Diabetes,Technology,T1D,"Real-World Study",0,0,0
41203257,"Glycemic Responses to Graded Exercise Testing in Adolescents Using Automated Insulin Delivery Systems.","Diabetes technology & therapeutics","2026 May",LOW,Diabetes,Technology,T1D,Other,0,0,0
41167645,"Letter: Beyond the Metrics: Translating Time in Range Gains into Global Health Equity. The Economic Case for Universal and Early Access to Diabetes Technology.","Diabetes technology & therapeutics","2026 May",LOW,Diabetes,Technology,General,Letter/Correspondence,0,0,0
41271217,"Normal Reference Range for Glucose Rates of Change in Nondiabetic Individuals Using Continuous Glucose Monitoring.","Diabetes technology & therapeutics","2026 May",LOW,Diabetes,Technology,General,Other,0,0,0
41271225,"Multivendor Continuous Glucose Monitor Integration into the Electronic Health Record: Real-World Experience of an Academic Pediatric Endocrinology Clinic.","Diabetes technology & therapeutics","2026 May",MODERATE,Diabetes,Technology,T1D,"Real-World Study",0,0,0
41271221,"Glucose Responses to Aerobic Exercise Are Influenced by Glucose Levels before the Exercise and Menstrual Cycle Phase in Adults with Type 1 Diabetes on Multiple Daily Insulin Injections.","Diabetes technology & therapeutics","2026 May",LOW,Diabetes,General,T1D,Other,0,0,0
41204718,"Impact of Sample Type on ADAP-Based Autoantibody Detection for Type 1 Diabetes Population Screening.","Diabetes technology & therapeutics","2026 May",LOW,Diabetes,General,T1D,Other,0,0,0
42016579,"Association between high DHEAS in 7-year-old girls and metabolic features 4 years after menarche.","Journal of the Endocrine Society","2026 May",MODERATE,Diabetes,General,General,Observational/Cohort,0,0,0
42094863,"Intrauterine gestational diabetes mellitus, child anxiety, and internalizing symptoms: moderation by physical activity.","Journal of the Endocrine Society","2026 May",LOW,Diabetes,General,GDM,Observational/Cohort,0,0,0
41913979,"The FT3/FT4 Ratio Predicts Relapse After Antithyroid Drug Withdrawal in Pediatric Autoimmune Hyperthyroidism.","The Journal of clinical endocrinology and metabolism","2026 Mar 31",MODERATE,Thyroid,"","",Observational/Cohort,0,0,0
41911946,"Real-world Impact of Treatment on Growth in Children With X-Linked Hypophosphatemia.","The Journal of clinical endocrinology and metabolism","2026 Mar 31",MODERATE,Bone/Calcium,"","",Observational/Cohort,0,0,0
41914386,"Letter: Fully Automated Glycemic Control with Ultra-Rapid Insulin in a Bihormonal Closed-Loop System in People with Type 1 Diabetes.","Diabetes technology & therapeutics","2026 Mar 31",LOW,Diabetes,Technology,T1D,Letter/Correspondence,0,0,0
41914440,"Subclinical Hypothyroidism in Children: Natural History, Risk Factors, and Outcomes.","Journal of clinical research in pediatric endocrinology","2026 Mar 31",MODERATE,Thyroid,"","",Observational/Cohort,0,0,0
41915459,"Impact of Body Size on Preclinical Type 1 Diabetes Development and Progression.","Diabetes care","2026 Mar 31",HIGH,Diabetes,General,T1D,Review,0,0,0
41932351,"Correction to Lancet Diabetes Endocrinol 2025; 13: 935-48.","The lancet. Diabetes & endocrinology","2026 Mar 31",LOW,Diabetes,General,General,Other,0,0,1
41911157,"IDIOPATHIC CENTRAL PRECOCIOUS PUBERTY IN BOYS: RESULTS FROM A NATIONAL PORTUGUESE COHORT.","Hormone research in paediatrics","2026 Mar 30",MODERATE,Puberty,"","",Observational/Cohort,0,0,0
41911084,"T1D GRS: a tool for identifying children and adolescents with monogenic diabetes.","Hormone research in paediatrics","2026 Mar 30",MODERATE,Diabetes,General,MODY/Monogenic,Observational/Cohort,0,0,0
41888495,"Emerging applications of human iPSCs in pituitary diseases.","Nature reviews. Endocrinology","2026 Mar 26",LOW,"General Endocrinology","","",Other,0,0,0
41275343,"The first report of a gross deletion in the SCNN1G gene in a case presenting with hyponatremic convulsion at fifth year of treatment.","Journal of pediatric endocrinology & metabolism : JPEM","2026 Mar 26",LOW,Adrenal,"","",Other,0,0,0
41580999,"Rare phenotypic spectrum of 17β-hydroxysteroid dehydrogenase 3 deficiency: case series from infancy to adolescence.","Journal of pediatric endocrinology & metabolism : JPEM","2026 Mar 26",LOW,Puberty,"","","Case Series",0,0,0
41589729,"Efficacy, adherence, and cost-efficiency of three growth hormone treatment strategies in children with idiopathic short stature: a retrospective cohort study.","Journal of pediatric endocrinology & metabolism : JPEM","2026 Mar 26",MODERATE,Growth,"","",Observational/Cohort,0,0,0
41701914,"Suboptimal adoption of diabetes technology despite coverage and the impact on glycemic outcomes in children and adolescents with type 1 diabetes in Hong Kong.","Journal of pediatric endocrinology & metabolism : JPEM","2026 Mar 26",LOW,Diabetes,Technology,T1D,Registry/Database,0,0,0
41311234,"Thyroid hormone metabolism defect due to compound heterozygous SECISBP2 mutations: first reported case in Korea.","Journal of pediatric endocrinology & metabolism : JPEM","2026 Mar 26",LOW,Growth,"","",Other,0,0,0
41718017,"Potential mechanistic role of the liver-thyroid axis in clinical manifestations of kwashiorkor.","Journal of pediatric endocrinology & metabolism : JPEM","2026 Mar 26",LOW,Thyroid,"","",Letter/Correspondence,0,0,0
41698239,"Evaluation of adrenomedullin levels in adolescents with Hashimoto's thyroiditis: association with clinical and laboratory findings.","Journal of pediatric endocrinology & metabolism : JPEM","2026 Mar 26",LOW,Thyroid,"","",Observational/Cohort,0,0,0
41399023,"A rare metabolic cause of premature ovarian insufficiency: case report of transaldolase deficiency.","Journal of pediatric endocrinology & metabolism : JPEM","2026 Mar 26",LOW,Genetics,"","",Other,0,0,0
41630573,"Customized birth weight percentiles for identification of SGA short statue.","Journal of pediatric endocrinology & metabolism : JPEM","2026 Mar 26",LOW,Growth,"","",Other,0,0,0
41580998,"Impact of continuous glucose monitoring on fear of hypoglycemia and quality of life in children and adolescents with type 1 diabetes.","Journal of pediatric endocrinology & metabolism : JPEM","2026 Mar 26",LOW,Diabetes,Technology,T1D,Observational/Cohort,0,0,0
41566564,"Tolvaptan: a potential rescue therapy for SIADH with refractory hyponatremia associated with acute intermittent porphyria.","Journal of pediatric endocrinology & metabolism : JPEM","2026 Mar 26",LOW,Pituitary,"","",Letter/Correspondence,0,0,0
41578923,"Efficacy and outcomes of 6-month triptorelin formulation in girls treated for central precocious puberty for 24 months and beyond.","Journal of pediatric endocrinology & metabolism : JPEM","2026 Mar 26",LOW,Puberty,"","",Other,0,0,0
41380172,"Diagnostic pitfalls in aldosterone defects: a 9-year follow-up of early-onset pseudohypoaldosteronism type 2.","Journal of pediatric endocrinology & metabolism : JPEM","2026 Mar 26",LOW,Adrenal,"","",Other,0,0,0
41705726,"Impact of eating behaviour on craniopharyngioma-associated obesity.","Journal of pediatric endocrinology & metabolism : JPEM","2026 Mar 26",MODERATE,Pituitary,"","",Review,0,0,0
41885617,"Associations of endocrine disrupting chemicals with anogenital distance across infancy.","The Journal of clinical endocrinology and metabolism","2026 Mar 26",LOW,Puberty,"","",Other,0,0,0
41877382,"Automated Insulin Delivery in Young Children with Type 1 Diabetes: A Systematic Review and Meta-Analysis.","The Journal of clinical endocrinology and metabolism","2026 Mar 25",HIGH,Diabetes,Technology,T1D,Meta-analysis,1,0,0
41882966,"Quality-Score (Q-Score) Can Be More Sensitive than %Time in Range and Several Other CGM Metrics in Detecting Responses to Therapeutic Interventions.","Diabetes technology & therapeutics","2026 Mar 25",HIGH,Diabetes,Technology,T1D,RCT,1,0,0
41875292,"Social Determinants of Health Impact on Pediatric Type 1 Diabetes Outcomes Early After Diagnosis.","Hormone research in paediatrics","2026 Mar 24",LOW,Diabetes,Technology,T1D,Observational/Cohort,0,0,0
41866965,"Temporal Discontinuity in Continuous Glucose Monitoring: How Midnight Segmentation Generates Systematic Measurement Artifact.","Diabetes technology & therapeutics","2026 Mar 23",LOW,Diabetes,Technology,General,"Prospective Study",0,0,0
41866961,"Continuous Glucose Monitoring Identifies Youth with Prediabetes at Risk for Glycemic Progression.","Diabetes technology & therapeutics","2026 Mar 23",LOW,Diabetes,Technology,T2D,Observational/Cohort,0,0,0
41861067,"Growth hormone (GH) deficiency and subsequent replacement therapy trigger differential expression of specific miRNAs in males and females: not just a matter of height.","Hormone research in paediatrics","2026 Mar 20",LOW,Growth,"","",Observational/Cohort,0,0,0
41861056,"A Review of Pituitary Duplication and First Report of Associated Precocious Puberty in a Boy.","Hormone research in paediatrics","2026 Mar 20",LOW,Puberty,"","",Other,0,0,0
41855307,Erratum.,"Hormone research in paediatrics","2026 Mar 19",LOW,Other,"General Endocrinology","",Other,0,0,1
41857721,"Ultrasound-Guided Infusion Site Rotation Improves Glycemic Outcomes in Children and Adolescent Users of Automated Insulin Delivery Systems.","Diabetes technology & therapeutics","2026 Mar 19",LOW,Diabetes,Technology,General,"Prospective Study",0,0,0
41846525,"New insights into Oliver-McFarlane syndrome: adrenocortical hypofunction and variable expressivity in a Chinese sibling pair.","Journal of pediatric endocrinology & metabolism : JPEM","2026 Mar 19",LOW,Pituitary,"","",Other,0,0,0
41847829,"46,XY differences of sex development in pontocerebellar hypoplasia type 7 (PCH7): two case reports and systematic review.","Journal of pediatric endocrinology & metabolism : JPEM","2026 Mar 19",HIGH,DSD,"","","Systematic Review",1,0,0
41848173,"Short Stature and Growth Hormone Deficiency in POMC Deficiency: An Unexpected Clinical Association.","Journal of clinical research in pediatric endocrinology","2026 Mar 18",LOW,Growth,"","",Other,0,0,0
41846542,"Maternal TSH-receptor antibodies predict fetal/neonatal hyperthyroidism in pregnancies with a history of Graves' disease.","The Journal of clinical endocrinology and metabolism","2026 Mar 18",MODERATE,Thyroid,"","",Observational/Cohort,0,0,0
41843720,"High-intensity interval training: safe and beneficial physical activity strategy in adolescents with type 1 diabetes.","Hormone research in paediatrics","2026 Mar 17",MODERATE,Diabetes,Technology,T1D,"Prospective Study",0,0,0
41843702,"Screening and Management of Adrenal Suppression in Youth - A Pediatric Endocrinology Society Survey.","Hormone research in paediatrics","2026 Mar 17",LOW,Adrenal,"","",Survey/Questionnaire,0,0,0
41649490,"Correction to: ""Children With Pancreatic Hypoplasia Experience Poor Weight Gain and Labile Diabetes but Low Incidence of DKA"".","The Journal of clinical endocrinology and metabolism","2026 Mar 17",LOW,Diabetes,General,General,Other,0,0,1
41137448,"Treatment of Children and Adults With X-Linked Hypophosphatemia With Calcitriol Alone: A Prospective, Open-Label Study.","The Journal of clinical endocrinology and metabolism","2026 Mar 17",HIGH,Bone/Calcium,"","","Clinical Trial",1,0,0
41132004,"Percutaneous Laser Ablation for Thyroid Nodules: Efficacy and Safety in 1492 Patients With Median Follow-up of 10 Years or More.","The Journal of clinical endocrinology and metabolism","2026 Mar 17",MODERATE,Thyroid,"","",Observational/Cohort,0,0,0
41092452,"Effects of Prednisolone Administration on Clock Gene Expression and Indices of Circadian Rhythms in Healthy Human Males.","The Journal of clinical endocrinology and metabolism","2026 Mar 17",HIGH,Adrenal,"","",RCT,0,0,0
41092239,"Initial Evaluation of Radioiodine Therapy Using Imaging for Long-term Prognosis in Thyroid Cancer: A Retrospective Study.","The Journal of clinical endocrinology and metabolism","2026 Mar 17",MODERATE,Thyroid,"","",Observational/Cohort,0,0,0
41091641,"Precocious Puberty and Risk of Psychiatric Disorders: A Nationwide Cohort Study Using Prospective Registry Data.","The Journal of clinical endocrinology and metabolism","2026 Mar 17",MODERATE,Puberty,"","",Observational/Cohort,0,0,0
41083160,"Bioactive IGF-I Concentrations in Children on GH Therapy.","The Journal of clinical endocrinology and metabolism","2026 Mar 17",MODERATE,Growth,"","",Other,0,0,0
41073368,"Body Composition by DXA in Patients with Klinefelter and Kallmann Syndrome: The Kama Study.","The Journal of clinical endocrinology and metabolism","2026 Mar 17",MODERATE,Puberty,"","",Observational/Cohort,0,0,0
41058080,"Development of a Machine Learning-based Model for Methimazole Dosage Adjustment in Youth With Hyperthyroidism.","The Journal of clinical endocrinology and metabolism","2026 Mar 17",MODERATE,Thyroid,"","",Observational/Cohort,0,0,0
41054822,"Effects of Puberty Suppression and Sex Steroids on Weight, BMI, and Lipid Profiles in Danish Transgender Adolescents.","The Journal of clinical endocrinology and metabolism","2026 Mar 17",MODERATE,Puberty,"","",Observational/Cohort,0,0,0
41052298,"The Importance of Disease-specific Growth Charts for Children with Congenital Adrenal Hyperplasia.","The Journal of clinical endocrinology and metabolism","2026 Mar 17",MODERATE,Adrenal,"","",Observational/Cohort,0,0,0
41051294,"Clinical and Biochemical Phenotype Across the Genotypic Spectrum of 21-hydroxylase Deficiency in 457 Individuals.","The Journal of clinical endocrinology and metabolism","2026 Mar 17",MODERATE,Adrenal,"","",Observational/Cohort,0,0,0
41045515,"Time in Range and Incident Diabetic Retinopathy: Clinical and Economic Evidence From Real-World Type 1 Diabetes Care.","The Journal of clinical endocrinology and metabolism","2026 Mar 17",MODERATE,Diabetes,Technology,T1D,Observational/Cohort,0,0,0
41042998,"Comprehensive Molecular Studies in 88 Japanese Patients With Congenital Hypogonadotropic Hypogonadism.","The Journal of clinical endocrinology and metabolism","2026 Mar 17",LOW,Diabetes,General,General,Other,0,0,0
41014105,"Brighter Bedroom Light at Night Predicts Risk for Earlier Pubertal Onset: A 2-Year Longitudinal Study.","The Journal of clinical endocrinology and metabolism","2026 Mar 17",MODERATE,Puberty,"","","Prospective Study",0,0,0
41837704,"Once-Weekly Somatrogon in Pediatric Growth Hormone Deficiency: Real-World Efficacy, Safety, and Quality-of-Life Findings.","Journal of clinical research in pediatric endocrinology","2026 Mar 17",LOW,Growth,"","","Real-World Study",0,0,0
41844520,"Pituitary Magnetic Resonance Imaging as a Prognostic Factor of Pituitary Insufficiency-The Follow-Up Analysis of a Cohort of Children With Pituitary Stalk Interruption Syndrome.","Clinical endocrinology","2026 Mar 17",LOW,Pituitary,"","",Observational/Cohort,0,0,0
41841385,"Optimization of Triptorelin Administration in Children With Central Precocious Puberty and Short Stature.","Clinical endocrinology","2026 Mar 17",LOW,Puberty,"","",Other,0,0,0
41472381,"Approach to the Patient: Mitochondrial Diabetes: Contemporary Cases and a Precision Medicine Approach.","The Journal of clinical endocrinology and metabolism","2026 Mar 17",MODERATE,Diabetes,General,MODY/Monogenic,Observational/Cohort,0,0,0
41572650,"Approach to the patient: comprehensive multidisciplinary care for adolescents with difference in sex development (DSD).","The Journal of clinical endocrinology and metabolism","2026 Mar 17",LOW,DSD,"","",Other,0,0,0
41139199,"MECP2 Rare Variants in Boys With Central Precocious Puberty.","The Journal of clinical endocrinology and metabolism","2026 Mar 17",LOW,Puberty,"","",Other,0,0,0
41061665,"Maternal Obesity Increases Breast Milk Bile Acid Levels.","The Journal of clinical endocrinology and metabolism","2026 Mar 17",MODERATE,Diabetes,Technology,General,Observational/Cohort,0,0,0
41006196,"Children With Pancreatic Hypoplasia Experience Poor Weight Gain and Labile Diabetes but Low Incidence of DKA.","The Journal of clinical endocrinology and metabolism","2026 Mar 17",MODERATE,Diabetes,General,MODY/Monogenic,Observational/Cohort,0,0,0
41125247,"Evolving Genetic Influences on Infant Growth: Linking Polygenic Scores, IGF-I, and Growth in Infancy.","The Journal of clinical endocrinology and metabolism","2026 Mar 17",MODERATE,Growth,"","",Observational/Cohort,0,0,0
41842968,"Data-Driven Phenotypic Clusters of Gestational Diabetes Mellitus and Associations With Risk of Perinatal Complications and Postpartum Diabetes.","Diabetes care","2026 Mar 17",MODERATE,Diabetes,General,GDM,Observational/Cohort,0,0,0
41837438,"The Virtual Diabetes Control and Complications Trial #4: Relationship of HbA1c and Continuous Glucose Monitoring Metrics with Severe Hypoglycemic Events.","Diabetes technology & therapeutics","2026 Mar 16",LOW,Diabetes,Technology,T1D,Other,0,0,0
41837715,"Early Childhood Obesity: Multifactorial Influences with a Prominent Familial Contribution.","Journal of clinical research in pediatric endocrinology","2026 Mar 16",LOW,Diabetes,General,GDM,Cross-Sectional,0,0,0
41837323,"Late-Onset and Recurrent Agranulocytosis During Low-Dose Methimazole Therapy in an Adolescent with Graves' Disease.","Journal of clinical research in pediatric endocrinology","2026 Mar 16",LOW,Thyroid,"","",Other,0,0,0
41840147,"Dysfunctional adipose tissue-lymphatic crosstalk in obesity.","Nature reviews. Endocrinology","2026 Mar 16",HIGH,Diabetes,General,General,Review,0,0,0
41839742,"Spectrum of Hypogonadism and Its Management in Adolescents With Prader-Willi Syndrome: A Retrospective Cohort Study Over 35 Years.","Clinical endocrinology","2026 Mar 16",LOW,Growth,"","",Observational/Cohort,0,0,0
41843941,"LRP5-related primary osteoporosis: phenotypic spectrum and treatment response to zoledronic acid.","Journal of pediatric endocrinology & metabolism : JPEM","2026 Mar 16",LOW,Bone/Calcium,"","",Other,0,0,0
41832665,"GATA4 gene variants in 46,XY differences of sex development: report of four cases and literature review.","Journal of pediatric endocrinology & metabolism : JPEM","2026 Mar 16",LOW,DSD,"","",Other,0,0,0
41842913,"A rare case of severe short stature diagnosed after late-onset hypocalcemia: Kenny-Caffey syndrome type 2.","Journal of pediatric endocrinology & metabolism : JPEM","2026 Mar 16",LOW,Growth,"","",Survey/Questionnaire,0,0,0
41830217,"Clinical Efficacy Evaluation of a Continuous Glucose Monitoring-Guided Forecasting Algorithm to Mitigate Postbariatric Hypoglycemia: A Randomized Controlled Trial.","Diabetes technology & therapeutics","2026 Mar 14",HIGH,Diabetes,Technology,General,RCT,0,0,0
41830209,"Inhaled Technosphere Insulin Reduces Postmeal Glucose Excursion in Youth Living with Type 1 Diabetes.","Diabetes technology & therapeutics","2026 Mar 14",HIGH,Diabetes,General,T1D,RCT,0,0,0
41467600,"Diagnostic Value of Peak-to-Basal Difference or Ratio of Growth Hormone in Children with Growth Hormone Deficiency.","Journal of clinical research in pediatric endocrinology","2026 Mar 13",MODERATE,Growth,"","",Observational/Cohort,0,0,0
41222213,"Associations Between Dietary Diversity Score and Adiposity Indexes in Obese Adolescents.","Journal of clinical research in pediatric endocrinology","2026 Mar 13",LOW,Diabetes,General,General,Observational/Cohort,0,0,0
41090402,"Measurement of 11-Oxo-androgens, A Novel Biomarker, in Females with Clinical Signs of Premature Adrenarche.","Journal of clinical research in pediatric endocrinology","2026 Mar 13",LOW,Diabetes,Technology,General,Other,0,0,0
41090400,"Improving Diabetes Care Through Teamwork, Comprehensive Education, Tighter Goals, and Technology: Single-Center Data from Türkiye.","Journal of clinical research in pediatric endocrinology","2026 Mar 13",LOW,Diabetes,Technology,T1D,Other,0,0,0
40995783,"The Course of Progranulin Levels at Admission and During Early Period of Insulin Treatment in Children with Newly Diagnosed Type 1 Diabetes Mellitus.","Journal of clinical research in pediatric endocrinology","2026 Mar 13",LOW,Diabetes,General,T1D,Other,0,0,0
40891584,"Evaluation of Artificial Intelligence Answers for Short Stature in Paediatric Endocrinology by Paediatric Endocrinologists.","Journal of clinical research in pediatric endocrinology","2026 Mar 13",LOW,Growth,"","","Pilot Study",0,0,0
40874867,"Growth Hormone Strongly Induces hSMN2 Promoter Driving Construct Gene Expression in Mammalian Cells.","Journal of clinical research in pediatric endocrinology","2026 Mar 13",LOW,Growth,"","",Other,0,0,0
40874855,"Real-World Experience from Türkiye: Genetic and Therapeutic Insights in Pediatric Heterozygous Familial Hypercholesterolemia.","Journal of clinical research in pediatric endocrinology","2026 Mar 13",MODERATE,Lipids,"","",Observational/Cohort,0,0,0
40874738,"Diabetic Peripheral Neuropathy in Children and Adolescents - Prevalence, Diagnostic Methods and Risk Factors.","Journal of clinical research in pediatric endocrinology","2026 Mar 13",MODERATE,Diabetes,General,T1D,Review,0,0,0
40793795,"Associations of Urinary Metabolites of Parabens and Bisphenol a with Premature Thelarche among a Sample of Iranian Girls.","Journal of clinical research in pediatric endocrinology","2026 Mar 13",LOW,Puberty,"","",Case-Control,0,0,0
40739992,"Association of Obesity and Overweight with Early Puberty in Boys: A Meta Analysis.","Journal of clinical research in pediatric endocrinology","2026 Mar 13",HIGH,Puberty,"","",Meta-analysis,0,0,0
40632508,"Young Turkish Adults Show a Continuing Positive Secular Change of Height but an Alarming Increase of Overweight in Males: Pilot Study for the Initiation of Updated Growth Charts.","Journal of clinical research in pediatric endocrinology","2026 Mar 13",LOW,Growth,"","",Cross-Sectional,0,0,0
40622132,"Comparison of Methods used for Final Height Prediction in Patients with Central Precocious Puberty.","Journal of clinical research in pediatric endocrinology","2026 Mar 13",LOW,Puberty,"","",Observational/Cohort,0,0,0
40459373,"Founder Pathogenic Variant in LMNA with Diverse Phenotypic Manifestations in Mandibuloacral Dysplasia: Insights from a Turkish Cohort.","Journal of clinical research in pediatric endocrinology","2026 Mar 13",LOW,Genetics,"","",Observational/Cohort,0,0,0
40458112,"Nailfold Capillaroscopy: A Non-Invasive Tool for Early Detection of Microvascular Alterations in Children with Type 1 Diabetes Mellitus.","Journal of clinical research in pediatric endocrinology","2026 Mar 13",LOW,Diabetes,Technology,T1D,Other,0,0,0
40303000,"Glucocorticoid Dose and Type are Associated with Depression Scores in Youth with Classical Congenital Adrenal Hyperplasia.","Journal of clinical research in pediatric endocrinology","2026 Mar 13",LOW,Adrenal,"","",Other,0,0,0
39975416,"Endocrine Implications of Congenital Disorders of Glycosylation.","Journal of clinical research in pediatric endocrinology","2026 Mar 13",MODERATE,Thyroid,"","",Review,0,0,0
38212959,"Schwartz-Jampel Syndrome Type 1: Compound Heterozygosity of Two Novel Variants.","Journal of clinical research in pediatric endocrinology","2026 Mar 13",LOW,Diabetes,General,T1D,Other,0,0,0
38084047,"Atypical Presentation and Course of ACTH-Independent Cushing’s Syndrome in Two Families.","Journal of clinical research in pediatric endocrinology","2026 Mar 13",LOW,Adrenal,"","",Other,0,0,0
38344969,"Hyperinsulinemia in Sotos Syndrome with a de novo NSD1 Deletion.","Journal of clinical research in pediatric endocrinology","2026 Mar 13",LOW,Diabetes,General,General,Other,0,0,0
38230957,"Floating-Harbor Syndrome in a Korean Patient with Short Stature and Early Puberty: A Case Report.","Journal of clinical research in pediatric endocrinology","2026 Mar 13",LOW,Growth,"","",Other,0,0,0
41820251,"Clinical Challenges in Transition to Adult Care for Young People With Endocrinopathies.","Clinical endocrinology","2026 Mar 12",MODERATE,"General Endocrinology","","",Review,0,0,0
41811759,"Circulating levels of ghrelin and hyperphagia in patients with rare genetic neurodevelopmental disorders.","The Journal of clinical endocrinology and metabolism","2026 Mar 11",MODERATE,Growth,"","",Cross-Sectional,0,0,0
39834161,"Effects of Maternal Vitamin D Supplementation on Childhood Health.","Endocrine reviews","2026 Mar 11",HIGH,Diabetes,General,General,"Systematic Review",0,0,0
41812234,"The role of high BMI from infancy forward on clinician-rated pubertal timing in a large US sample.","The Journal of clinical endocrinology and metabolism","2026 Mar 11",LOW,Puberty,"","",Other,0,0,0
41811754,"Efficacy of liquid-chromatography and radioimmunoassay in false-positives' drop-off in CAH newborn screening.","The Journal of clinical endocrinology and metabolism","2026 Mar 11",MODERATE,Diabetes,Technology,General,Observational/Cohort,0,0,0
41804758,"Patient-Reported Adverse Events with Adjunctive Tirzepatide or Semaglutide Treatment in Adults with Type 1 Diabetes.","Diabetes technology & therapeutics","2026 Mar 10",LOW,Diabetes,Technology,T1D,Survey/Questionnaire,0,0,0
41800718,"Continuous Ketone Monitoring in Diabetic Ketoacidosis: Prospective Multicenter Method-Comparison and Feasibility Study.","Diabetes technology & therapeutics","2026 Mar 09",LOW,Diabetes,General,"",Other,0,0,1
41797577,"Primary Adrenal Insufficiency in Pseudo-Neonatal Adrenoleukodystrophy Case Report.","Journal of clinical research in pediatric endocrinology","2026 Mar 09",LOW,Adrenal,"","",Other,0,0,0
41797568,"Internal Inconsistency Between the Reported 50th Percentile Value and the LMS Median Parameter.","Journal of clinical research in pediatric endocrinology","2026 Mar 09",LOW,"General Endocrinology","","",Other,0,0,0
41797552,"Four Consecutive False Negative Newborn Screens in a Patient with Classical Congenital Adrenal Hyperplasia: A Case Report.","Journal of clinical research in pediatric endocrinology","2026 Mar 09",LOW,Adrenal,"","",Other,0,0,0
41803509,"Hyperinsulinaemia as a cause of obesity and cardiometabolic diseases.","Nature reviews. Endocrinology","2026 Mar 09",HIGH,Diabetes,General,General,Review,0,0,0
41802911,"Early pregnancy biomarkers of inflammation and metabolic regulation in polycystic ovary syndrome.","The Journal of clinical endocrinology and metabolism","2026 Mar 09",LOW,Diabetes,General,GDM,Cross-Sectional,0,0,0
41795815,"Prediabetes and Type 2 Diabetes in Youth Following Premature Adrenarche.","Hormone research in paediatrics","2026 Mar 08",MODERATE,Diabetes,General,T2D,Observational/Cohort,0,0,0
41795819,"Double Trouble: When Focal and Diffuse Hyperinsulinism Occur Simultaneously.","Hormone research in paediatrics","2026 Mar 08",LOW,Hyperinsulinism,"","",Other,0,0,0
41793758,"Multimodal MRI Neurodevelopmental Profiling in Type 1 Diabetes: Long-term Effects of MDI vs CSII Treatments.","The Journal of clinical endocrinology and metabolism","2026 Mar 07",LOW,Diabetes,General,T1D,Other,0,0,0
41793064,"Efficacy of 24-Weekly Versus 12-Weekly Decapeptyl SR Treatment in Central Precocious Puberty: A UK Multicentre Retrospective Cohort Study.","The Journal of clinical endocrinology and metabolism","2026 Mar 06",MODERATE,Puberty,"","",Observational/Cohort,0,0,0
41780161,"Pituitary dysfunction in childhood after [177Lu]Lu-DOTATATE therapy.","Journal of pediatric endocrinology & metabolism : JPEM","2026 Mar 06",LOW,Pituitary,"","",Other,0,0,0
41784095,"Extended Use of Automated Insulin Delivery in Young People with Type 1 Diabetes and Elevated HbA1c: 52-Week Outcomes of the CO-PILOT Trial.","Diabetes technology & therapeutics","2026 Mar 05",HIGH,Diabetes,Technology,T1D,RCT,1,0,0
41779164,"Health-Related Quality of Life in Children with Multiple Endocrine Neoplasia (MEN) and their Siblings.","The Journal of clinical endocrinology and metabolism","2026 Mar 04",LOW,"General Endocrinology","","",Cross-Sectional,0,0,0
41783997,"Pseudohypoxia and family history are key predictors of severe outcomes in hereditary pheochromocytoma and paraganglioma syndromes.","European journal of endocrinology","2026 Mar 04",MODERATE,Adrenal,"","",Observational/Cohort,0,0,0
41782416,"Somapacitan in children born small for gestational age: a randomized controlled phase 3 trial.","European journal of endocrinology","2026 Mar 04",HIGH,Growth,"","",RCT,0,0,0
41774755,"Once-weekly somapacitan in children with Noonan syndrome: randomized controlled phase 3 trial.","European journal of endocrinology","2026 Mar 04",HIGH,Growth,"","",RCT,1,0,0
41761702,"Clinical performance of an IGF1 LC-MS/MS assay and associated normative dataset in routine endocrinology.","European journal of endocrinology","2026 Mar 04",MODERATE,Growth,"","",Observational/Cohort,0,0,0
41774599,"Autoantibody-Positive versus Autoantibody-Negative Type 1 Diabetes in Children: Clinical and Biochemical Characteristics.","Hormone research in paediatrics","2026 Mar 03",MODERATE,Diabetes,General,T1D,Observational/Cohort,0,0,0
41776008,"The gut microbiome and ageing trajectories: mechanisms and clinical implications.","Nature reviews. Endocrinology","2026 Mar 03",HIGH,"General Endocrinology","","",Review,0,0,0
41529164,"Assessing Time Below Range as a Predictor of Severe Hypoglycemia: Insights From Six Clinical Trials.","Diabetes care","2026 Mar 01",LOW,Diabetes,Technology,T1D,Other,0,0,0
41498529,"MiniMed 780G Advanced Hybrid Closed-Loop System Use During Days Without User-Initiated Boluses.","Diabetes care","2026 Mar 01",MODERATE,Diabetes,Technology,T1D,"Real-World Study",0,0,0
41401082,"Safety and Feasibility of a Fully Automated Insulin Delivery System: FCL@Home, a Multicenter Randomized Clinical Trial in Individuals With Type 1 Diabetes.","Diabetes care","2026 Mar 01",PRACTICE-ALTERING,Diabetes,Technology,T1D,RCT,1,0,0
41118628,"Generalizability of Progression Risk in the TN-10 Trial to a European Population With or Without a First-Degree Relative With Type 1 Diabetes.","Diabetes care","2026 Mar 01",MODERATE,Diabetes,General,T1D,Observational/Cohort,0,0,0
40986699,"The Effect of Midpregnancy Screening for Gestational Diabetes Mellitus on Pregnancy Outcomes: The TESGO Randomized Controlled Trial.","Diabetes care","2026 Mar 01",HIGH,Diabetes,General,GDM,RCT,1,0,1
41525152,"Impact of Maternal Diabetes in Pregnancy on Newborn IgG Antibody Repertoire and Infection Risk in the First 6 Months of Life.","Diabetes care","2026 Mar 01",MODERATE,Diabetes,General,GDM,Other,0,0,0
41804540,"Glucose Control and Continuous Glucose Monitoring Metrics During 12 Months of Treatment with Tirzepatide in Overweight or Obese Patients with Type 1 Diabetes.","Diabetes technology & therapeutics","2026 Mar",HIGH,Diabetes,Technology,T1D,RCT,1,0,0
41804539,"Ranting in 2026: Waiting for 2027.","Diabetes technology & therapeutics","2026 Mar",LOW,"General Endocrinology","","",Editorial/Commentary,0,0,0
41800645,"Virtual Clinics for Diabetes Care.","Diabetes technology & therapeutics","2026 Mar",LOW,Diabetes,General,General,Other,0,0,0
41800644,"Diabetes Technology and Therapy in the Pediatric Age Group.","Diabetes technology & therapeutics","2026 Mar",LOW,Diabetes,Technology,General,Other,0,0,0
41800643,"Impact of Diabetes Technologies on Psychosocial Outcomes.","Diabetes technology & therapeutics","2026 Mar",LOW,Diabetes,General,General,Other,0,0,0
41800642,"Technology and Pregnancy.","Diabetes technology & therapeutics","2026 Mar",LOW,"General Endocrinology","","",Other,0,0,0
41800641,"Using Digital Health Technology to Prevent and Treat Diabetes.","Diabetes technology & therapeutics","2026 Mar",LOW,Diabetes,General,General,Other,0,0,0
41800640,"The Real ""Real World"": Overcoming Practical Barriers and Disparities in Diabetes Technology.","Diabetes technology & therapeutics","2026 Mar",LOW,Diabetes,Technology,General,"Real-World Study",0,0,0
41800639,"Obesity and Diabetes.","Diabetes technology & therapeutics","2026 Mar",LOW,Diabetes,General,General,Other,0,0,0
41800638,"Diabetes Technology in The Hospital.","Diabetes technology & therapeutics","2026 Mar",LOW,Diabetes,Technology,General,Other,0,0,0
41800637,"Emerging Trends in MASLD and MASH.","Diabetes technology & therapeutics","2026 Mar",LOW,"General Endocrinology","","",Other,0,0,0
41800636,"Closed-Loop, Decision Support, and Artificial Intelligence.","Diabetes technology & therapeutics","2026 Mar",LOW,Diabetes,Technology,General,Other,0,0,0
41800635,"Primary Care and Diabetes Technologies and Treatments.","Diabetes technology & therapeutics","2026 Mar",LOW,Diabetes,General,General,Other,0,0,0
41800634,"Immune Intervention and Beta Cell Replacement Therapies in T1D.","Diabetes technology & therapeutics","2026 Mar",LOW,Diabetes,General,T1D,Other,0,0,0
41800633,"Use of Diabetes Technology at the Advanced Age.","Diabetes technology & therapeutics","2026 Mar",LOW,Diabetes,Technology,General,Other,0,0,0
41800632,"New Medications for the Treatment of Diabetes.","Diabetes technology & therapeutics","2026 Mar",LOW,Diabetes,General,General,Other,0,0,0
41800631,"Technologies in Diabetes-the Seventeenth ATTD Yearbook.","Diabetes technology & therapeutics","2026 Mar",LOW,Diabetes,General,General,Editorial/Commentary,0,0,0
41800630,"New Insulins, Biosimilars, and Insulin Therapy.","Diabetes technology & therapeutics","2026 Mar",LOW,Diabetes,General,General,Other,0,0,0
41800629,"Insulin Delivery Hardware: Pumps and Pens.","Diabetes technology & therapeutics","2026 Mar",LOW,Diabetes,General,General,Other,0,0,0
41800628,"Continuous and Intermittent Glucose Monitoring in 2025.","Diabetes technology & therapeutics","2026 Mar",LOW,Diabetes,Technology,General,Other,0,0,0
41800627,"Advances in Exercise and Nutrition as Therapy in Diabetes.","Diabetes technology & therapeutics","2026 Mar",LOW,Diabetes,General,General,Other,0,0,0
41575465,"Safety of Inhaled Insulin in Adults with Diabetes.","Diabetes technology & therapeutics","2026 Mar",LOW,Diabetes,General,General,Other,0,0,0
41575463,"Real-World Incidence of Lung Malignancy and Chronic Obstructive Pulmonary Disease with Inhaled Insulin in People with Diabetes.","Diabetes technology & therapeutics","2026 Mar",LOW,Diabetes,General,T1D,Observational/Cohort,0,0,0
41468099,"All-Cause Mortality and Health Care Resource Utilization in Patients with Type 1 Diabetes Treated with Glucagon-like Peptide 1 Receptor Agonists/Glucose-Dependent Insulinotropic Polypeptide.","Diabetes technology & therapeutics","2026 Mar",MODERATE,Diabetes,Technology,T1D,Observational/Cohort,0,0,0
41545473,"GPR110 as a regulator of MASH.","Nature reviews. Endocrinology","2026 Mar",LOW,"General Endocrinology","","",Other,0,0,0
41491728,"ZMIZ1 supports endometrial oestrogen and progesterone signalling.","Nature reviews. Endocrinology","2026 Mar",LOW,"General Endocrinology","","",Other,0,0,0
41326653,"Midlife and the menopause transition in type 2 diabetes mellitus prevention.","Nature reviews. Endocrinology","2026 Mar",LOW,Diabetes,General,T2D,Other,0,0,0
41291202,"Metabolic control of feto-placental development and pregnancy outcomes.","Nature reviews. Endocrinology","2026 Mar",HIGH,Genetics,"","",Review,0,0,1
41224990,"Driving hypertension: non-classic apparent mineralocorticoid excess.","Nature reviews. Endocrinology","2026 Mar",LOW,Adrenal,"","",Other,0,0,0
41219440,"OBEClust: joining forces to prevent obesity.","Nature reviews. Endocrinology","2026 Mar",LOW,Obesity/Metabolic,"","",Other,0,0,0
41219439,"CD38 as a driver of ageing.","Nature reviews. Endocrinology","2026 Mar",LOW,"General Endocrinology","","",Other,0,0,0
41214257,"Peripheral adrenergic activity contributes to anxiety.","Nature reviews. Endocrinology","2026 Mar",LOW,"General Endocrinology","","",Other,0,0,0
41193695,"Sarcopenia and MASLD: novel insights and the future.","Nature reviews. Endocrinology","2026 Mar",HIGH,Obesity/Metabolic,"","",Review,0,0,0
41174211,"The endocrine complications of cystic fibrosis.","Nature reviews. Endocrinology","2026 Mar",HIGH,Diabetes,General,General,Review,0,0,0
41713969,"Prioritising nutrition alongside paediatric obesity management medications.","The lancet. Diabetes & endocrinology","2026 Mar",LOW,Obesity/Metabolic,"","",Other,0,0,0
41327588,"Clinical and Molecular Spectrum of Infantile Hypercalcemia Type I: Insights Into CYP24A1 Variants.","Clinical endocrinology","2026 Mar",LOW,Bone/Calcium,"","",Other,0,0,0
41037099,"Prevalence of youth type 2 diabetes in global Indigenous populations: a systematic review.",Diabetologia,"2026 Mar",HIGH,Diabetes,General,T2D,Meta-analysis,0,0,0
41735800,"Long-Term Thyroid Toxicity Burden in Children Who Received Treatment for High-Risk Neuroblastoma.","Thyroid : official journal of the American Thyroid Association","2026 Mar",LOW,Diabetes,Technology,General,Observational/Cohort,0,0,0
41783511,"Effect of vosoritide on spine morphology in children with achondroplasia: 1-year results from a randomized phase 2 study.","Journal of the Endocrine Society","2026 Mar",HIGH,Growth,"","",RCT,1,0,0
41783509,"Patient and Caregiver Preferences for Once-Weekly Injection Devices for the Treatment of Growth Hormone Deficiency.","Journal of the Endocrine Society","2026 Mar",LOW,Growth,"","",Cross-Sectional,0,0,0
41359174,"Family history of type 2 diabetes delays development of type 1 diabetes in TEDDY children with islet autoimmunity.",Diabetologia,"2026 Mar",MODERATE,Diabetes,General,T1D,Observational/Cohort,0,0,0
41379147,"Evolution of islet autoantibodies in the Environmental Determinants of Islet Autoimmunity (ENDIA) prospective cohort.",Diabetologia,"2026 Mar",MODERATE,Diabetes,General,T1D,Observational/Cohort,0,0,0
41766933,"Effect of vosoritide on genu varum in children with achondroplasia after 1 year in randomized placebo-controlled trials.","Journal of the Endocrine Society","2026 Mar",HIGH,Growth,"","",RCT,1,0,0
41652324,"Beyond Salt Iodization: Sustained Population Sufficiency and Recurrence of Iodine Deficiency in Pregnant Women in Iran.","Thyroid : official journal of the American Thyroid Association","2026 Mar",LOW,"General Endocrinology","","",Cross-Sectional,0,0,0
41710192,"Prenatal phthalate and bisphenol exposure and gestational diabetes mellitus: a birth cohort study in New York City.","Journal of the Endocrine Society","2026 Mar",LOW,Diabetes,General,GDM,Observational/Cohort,0,0,0
41616799,"Efficacy and safety of inclisiran in adolescents with heterozygous familial hypercholesterolaemia (ORION-16): a two-part, randomised, multicentre clinical trial.","The lancet. Diabetes & endocrinology","2026 Mar",PRACTICE-ALTERING,Genetics,"","",RCT,1,0,0
41381886,"Declining FXR expression coordinates neonatal beta cell mass development with microbial bile acid metabolism maturation in mice.",Diabetologia,"2026 Mar",MODERATE,Diabetes,General,T2D,Registry/Database,0,0,0
40968676,"Improving Time-in-Range in Type 1 Diabetes: Projecting the Clinical and Cost Implications of Automated Insulin Delivery.","Diabetes technology & therapeutics","2026 Mar",LOW,Diabetes,Technology,T1D,Observational/Cohort,0,0,0
41710194,"Subclinically low BMD in young men is associated with compromised bone microarchitecture and lower lean mass.","Journal of the Endocrine Society","2026 Mar",LOW,Growth,"","",Other,0,0,0
40985127,"Who Benefits Most from Advanced Hybrid Closed Loop Therapy in Pregnancy Across Different Subgroups: A Secondary Analysis of the Randomized Controlled CRISTAL Trial.","Diabetes technology & therapeutics","2026 Mar",HIGH,Diabetes,Technology,T1D,RCT,1,0,0
41684304,"Euthyroidism and Long-Term Remission of Graves' Hyperthyroidism Following Treatment With an FcRn Blocker: A Case Report.","Thyroid : official journal of the American Thyroid Association","2026 Mar",LOW,Thyroid,"","",Other,0,0,0
41616800,"Inclisiran for children: is it worth it?","The lancet. Diabetes & endocrinology","2026 Mar",LOW,"General Endocrinology","","",Other,0,0,0
40985112,"Using Nutrition to Improve Time in rangE (UNITE): A Randomized Clinical Trial with Continuous Glucose Monitoring in People with Type 2 Diabetes Not Taking Insulin.","Diabetes technology & therapeutics","2026 Mar",HIGH,Diabetes,Technology,T2D,RCT,1,0,0
41766939,"Prenatal and postnatal atrazine-induced endocrine and ovarian chemical biotransformation protein disruption in offspring.","Journal of the Endocrine Society","2026 Mar",LOW,Puberty,"","",Other,0,0,0
41658991,"Age-specific Contributions to Height in Boys with Klinefelter Syndrome: Analysis of Growth Using the QEPS Model.","Journal of the Endocrine Society","2026 Mar",LOW,Puberty,"","",Observational/Cohort,0,0,0
40948019,"Long-Term Glycemic Outcomes in Pediatric Type 1 Diabetes: A 2-Year Real-World Analysis of Different Automated Insulin Delivery Systems Generations.","Diabetes technology & therapeutics","2026 Mar",LOW,Diabetes,Technology,T1D,Observational/Cohort,0,0,0
41194687,"Letter: Scientific and Clinical Evaluation of ""Dexcom's Fatal Flaws"" by Hunterbrook.","Diabetes technology & therapeutics","2026 Mar",LOW,Diabetes,Technology,General,Letter/Correspondence,0,0,0
41783507,"Bone and body composition by DXA in girls with precocious puberty, premature thelarche, and prepubertal controls.","Journal of the Endocrine Society","2026 Mar",LOW,Puberty,"","",Other,0,0,0
40948018,"Exploring the Relationship Between Newly Defined Continuous Glucose Monitoring (CGM) Metrics and the Standard CGM Metrics in 30,000 People with Type 1 Diabetes.","Diabetes technology & therapeutics","2026 Mar",LOW,Diabetes,Technology,T1D,Observational/Cohort,0,0,0
41005769,"Current Clinical Features of Diabetic Ketoacidosis in Adults: A German Multicenter Study 2022-2023.","Diabetes technology & therapeutics","2026 Mar",MODERATE,Diabetes,Technology,T1D,Observational/Cohort,0,0,0
41486515,"Genetic and Clinical Characterisation of Congenital Hyperinsulinism: Identification of a Novel ABCC8 Variant.","Clinical endocrinology","2026 Mar",LOW,Hyperinsulinism,"","",Observational/Cohort,0,0,0
41800491,"Diagnostic Utility of Genetic Testing in Hyperthyroxinemia With Non-Suppressed TSH.","Clinical endocrinology","2026 Jun",LOW,Thyroid,"","",Observational/Cohort,0,0,0
41796107,"Clinical Characterization and Molecular Profiling by Targeted Next-Generation Sequencing in a Large Indian Cohort With 46,XY Differences in Sex Development.","Clinical endocrinology","2026 Jun",LOW,Diabetes,General,T2D,Observational/Cohort,0,0,0
41795035,"Development and validation of a trans-ancestry polygenic risk score for type 1 diabetes.",Diabetologia,"2026 Jun",MODERATE,Diabetes,General,T1D,Observational/Cohort,0,0,0
41817687,"Beta cell glucose sensitivity identifies clinical response to disease-modifying therapies initiated at stage 3 type 1 diabetes onset.",Diabetologia,"2026 Jun",MODERATE,Diabetes,General,T1D,Other,0,0,0
41531262,"Andrological Outcomes in Boys Undergoing Testicular Tissue Extraction Prior to Gonadotoxic Treatment: Evolution During Peripuberty and Young Adulthood.","Clinical endocrinology","2026 Jun",LOW,Puberty,"","",Observational/Cohort,0,0,0
41674363,"Association of Growth Hormone Adherence and Growth Outcomes in Paediatric Patients: Results From a Clinical Registry.","Clinical endocrinology","2026 Jun",LOW,Growth,"","",Observational/Cohort,0,0,0
41709526,"Quality of Life in Children With Congenital Adrenal Hyperplasia: A Tertiary-Center Case-Control Study.","Clinical endocrinology","2026 Jun",LOW,Adrenal,"","",Cross-Sectional,0,0,0
41611976,"Type 2 diabetes remission and metabolic outcomes 5 years after Roux-en-Y gastric bypass in young vs older adults: a multicentre matched cohort study.",Diabetologia,"2026 Jun",MODERATE,Diabetes,General,T2D,Observational/Cohort,0,0,0
41614681,"Pediatric and Adult Craniopharyngioma: A 37-Year Experience at a National Referral Center.","Clinical endocrinology","2026 Jun",LOW,Pituitary,"","",Observational/Cohort,0,0,0
41741810,"GlucoseGo: a simple tool to predict hypoglycaemia during exercise in type 1 diabetes.",Diabetologia,"2026 Jun",MODERATE,Diabetes,Technology,T1D,Observational/Cohort,0,0,0
41634173,"Co-designing a new clinical pathway to support families with children identified as having early-stage type 1 diabetes in Western Australia.",Diabetologia,"2026 Jun",LOW,Diabetes,General,T1D,Other,0,0,0
41735586,"Canagliflozin attenuates CMR-quantified myocardial fibrosis in individuals with type 2 diabetes mellitus at high cardiovascular risk: a randomised open-label controlled trial.",Diabetologia,"2026 Jun",HIGH,Diabetes,General,T2D,RCT,0,0,0
41615893,"The CrescNet Registry Achondroplasia Module: Real-World Demographic Data and Clinical Outcomes in Untreated and Vosoritide-Treated Individuals.","Hormone research in paediatrics","2026 Jan 30",MODERATE,Growth,"","",Registry/Database,0,0,0
41607087,"Effects on Muscle Mass and Strength in Children with Newly Diagnosed Type 1 Diabetes Mellitus.","Journal of clinical research in pediatric endocrinology","2026 Jan 29",LOW,Diabetes,General,T1D,"Prospective Study",0,0,0
41603372,"Association Between Polycystic Ovary Syndrome and Pregnancy Outcomes in GDM: A Secondary Analysis of the DiGest Trial.","The Journal of clinical endocrinology and metabolism","2026 Jan 28",PRACTICE-ALTERING,Diabetes,General,GDM,RCT,1,0,1
41591961,"Use of the Loop Open-Source Automated Insulin Delivery System in Children with Type 1 Diabetes: Six-Month Results from a Single Center.","Hormone research in paediatrics","2026 Jan 27",LOW,Diabetes,Technology,T1D,Other,0,0,0
41582533,"Symptomatic Hypercalcemia with Vomiting in a Pediatric Patient with Graves' Disease.","Journal of clinical research in pediatric endocrinology","2026 Jan 26",LOW,Thyroid,"","",Other,0,0,0
40990967,"Wolcott-Rallison syndrome due to a novel homozygous missense variation (p.Gly602Val) in the exon 11 of EIF2AK3 gene.","Journal of pediatric endocrinology & metabolism : JPEM","2026 Jan 23",LOW,Diabetes,General,MODY/Monogenic,Other,0,0,0
41025756,"Adrenal oncocytoma: an unusual etiology of Cushing's syndrome in an adolescent female.","Journal of pediatric endocrinology & metabolism : JPEM","2026 Jan 23",LOW,PCOS,"","",Other,0,0,0
41575892,"Efficacy of Recombinant Human Growth Hormone on Glucocorticoid-Induced Short Stature in Children: A Retrospective Controlled Study.","Hormone research in paediatrics","2026 Jan 23",LOW,Growth,"","",Observational/Cohort,0,0,0
41574585,"Accuracy of Dexcom One+ in Patients with Diabetes or Stress Hyperglycemia Hospitalized in Cardiac Intensive Care Unit.","Diabetes technology & therapeutics","2026 Jan 23",LOW,Diabetes,Technology,T2D,Other,0,0,0
41213272,"Pubertal characteristics, final height, and associated factors in patients with nonclassical congenital adrenal hyperplasia: a single center experience.","Journal of pediatric endocrinology & metabolism : JPEM","2026 Jan 23",LOW,Adrenal,"","",Observational/Cohort,0,0,0
41213273,"Serum α-Klotho and its association with testosterone in boys with central precocious puberty.","Journal of pediatric endocrinology & metabolism : JPEM","2026 Jan 23",LOW,Growth,"","",Other,0,0,0
41574498,"Outcomes in United States Veterans on Insulin Pumps Following Rapid Deployment of Telehealth Care.","Diabetes technology & therapeutics","2026 Jan 23",LOW,Diabetes,Technology,General,Other,0,0,0
41574487,"Clinical Impact of Continuous Glucose Monitoring in Noninsulin Treated Type 2 Diabetes: A Review.","Diabetes technology & therapeutics","2026 Jan 23",HIGH,Diabetes,Technology,T2D,RCT,0,0,0
41574590,"Association of Continuous Glucose Monitoring Metrics with Incident Diabetic Retinopathy: A Real-World Long-Term Study.","Diabetes technology & therapeutics","2026 Jan 23",LOW,Diabetes,Technology,T1D,"Real-World Study",0,0,0
41204644,"Exploratory real-world experience with GLP-1 receptor agonists vs. metformin in youth with new-onset type 2 diabetes: a single-center retrospective study.","Journal of pediatric endocrinology & metabolism : JPEM","2026 Jan 23",LOW,Diabetes,General,T2D,Observational/Cohort,0,0,0
40980854,"Novel MCT8 mutation: diagnostic value of T3/T4 ratio.","Journal of pediatric endocrinology & metabolism : JPEM","2026 Jan 23",LOW,Thyroid,"","",Other,0,0,0
41572914,"Response to Comment on: ""Nocturnal Hypoglycemia: Characterization with Continuous Glucose Monitoring in a Real-World Setting"".","Diabetes technology & therapeutics","2026 Jan 23",LOW,Diabetes,Technology,General,Letter/Correspondence,0,0,0
41312609,"Prevalence of congenital hypothyroidism in infants of mothers with hypothyroidism: a meta-analysis.","Journal of pediatric endocrinology & metabolism : JPEM","2026 Jan 23",HIGH,Thyroid,"","",Meta-analysis,1,0,0
41575896,"Prevalence and Changes in Genetic and Clinical Characteristics in Growth Hormone-Treated Belgian Girls with Turner Syndrome: A Study from the BELGROW Registry.","Hormone research in paediatrics","2026 Jan 23",MODERATE,Growth,"","",Observational/Cohort,0,0,0
41574582,"Automated Insulin Delivery Associated with Superior Glycemic Outcomes in Type 1 Diabetes: A Swedish National Registry Analysis.","Diabetes technology & therapeutics","2026 Jan 23",HIGH,Diabetes,Technology,T1D,RCT,1,0,0
41213156,"The impact of hepatic steatosis on epicardial adipose tissue in obese individuals.","Journal of pediatric endocrinology & metabolism : JPEM","2026 Jan 23",LOW,Obesity/Metabolic,"","",Observational/Cohort,0,0,0
40990269,"Clinical insights of the TBX19 C.856 C>T variant: a case report and literature review on neonatal isolated ACTH deficiency.","Journal of pediatric endocrinology & metabolism : JPEM","2026 Jan 23",MODERATE,Pituitary,"","",Review,0,0,0
41574571,"The Effect of Automated Insulin Delivery Systems on Sleep Quality and Quantity in Type 1 Diabetes: A Systematic Review and Meta-Analysis.","Diabetes technology & therapeutics","2026 Jan 23",HIGH,Diabetes,Technology,T1D,Meta-analysis,1,0,0
41015786,"Noonan syndrome and autoimmune hepatitis: patient report and literature review.","Journal of pediatric endocrinology & metabolism : JPEM","2026 Jan 23",MODERATE,Diabetes,General,T1D,Review,0,0,0
41213125,"Role of hyperandrogenism on disordered eating behaviors in adolescents with PCOS and interplay with insulin resistance.","Journal of pediatric endocrinology & metabolism : JPEM","2026 Jan 23",LOW,Diabetes,General,General,Survey/Questionnaire,0,0,0
41275391,"Characterization of monogenic diabetes among Sudanese children: a multi-center experience from a population with high consanguinity.","Journal of pediatric endocrinology & metabolism : JPEM","2026 Jan 23",MODERATE,Bone/Calcium,"","",Observational/Cohort,0,0,0
41574583,"Performance of the Fifth Generation of a 16-Day Continuous Glucose Monitoring System in Adults with Diabetes.","Diabetes technology & therapeutics","2026 Jan 23",LOW,Diabetes,Technology,T1D,Observational/Cohort,0,0,0
41211872,"The relationship between FSTL-1 (follistatin-related protein 1), FAM19A5 (family with sequence similarity 19, member A5) and CTRP-6 (C1q/TNF-related protein 6) levels and metabolic parameters in overweight children.","Journal of pediatric endocrinology & metabolism : JPEM","2026 Jan 23",LOW,Obesity/Metabolic,"","",Other,0,0,0
41574541,"Overcoming Closed-Loop System Limits: Diluted Insulin Improves Glycemic Control and Reduces Nighttime Hypoglycemia in Toddlers with Low Insulin Requirements.","Diabetes technology & therapeutics","2026 Jan 23",LOW,Diabetes,Technology,T1D,Observational/Cohort,0,0,0
41275517,"Implementation and feasibility of a nutrition assessment for recently diagnosed youth with type 2 diabetes.","Journal of pediatric endocrinology & metabolism : JPEM","2026 Jan 23",LOW,Diabetes,General,T2D,Other,0,0,0
41208243,"Bioelectrical impedance analysis and hormonal assessment in adolescents with pubertal gynecomastia.","Journal of pediatric endocrinology & metabolism : JPEM","2026 Jan 23",LOW,Puberty,"","",Case-Control,0,0,0
41569948,"A Hemizygous <italic>MED12</italic> Variant in Three Brothers with Hypomasculinized Genitalia and Additional Clinical Features: A Case Report.","Hormone research in paediatrics","2026 Jan 22",LOW,DSD,"","",Other,0,0,0
41569973,"Trajectory of Glycemic Control from Late Adolescence to Young Adulthood with Type 1 Diabetes: A Longitudinal Study.","Hormone research in paediatrics","2026 Jan 22",MODERATE,Diabetes,Technology,T1D,Observational/Cohort,0,0,0
41186191,"Recent Findings on Psychosocial Outcomes of Gender-Affirming Medical Care for Transgender Youth.","The Journal of clinical endocrinology and metabolism","2026 Jan 21",MODERATE,Puberty,"","","Prospective Study",0,0,0
41206002,"Reversal of Congenital Hypogonadotropic Hypogonadism.","The Journal of clinical endocrinology and metabolism","2026 Jan 21",HIGH,Puberty,"","","Systematic Review",1,0,0
41240372,"Sex Differences in Leptin Levels in Children and Adolescents with Normal Weight and Overweight/Obesity Across Pubertal Stages: A Systematic Review and Meta-analysis.","The Journal of clinical endocrinology and metabolism","2026 Jan 21",HIGH,Puberty,"","",Meta-analysis,0,0,0
41222075,"Comparative Efficacy of GnRHa Monotherapy vs Combination Therapy for Central Precocious Puberty.","The Journal of clinical endocrinology and metabolism","2026 Jan 21",HIGH,Puberty,"","",Meta-analysis,1,0,0
40632818,"Genetic Risk and Transition Through Preclinical Stages of Type 1 Diabetes.","The Journal of clinical endocrinology and metabolism","2026 Jan 21",MODERATE,Diabetes,General,T1D,Other,0,0,0
40635651,"Sustained HbA1c Improvements Over 36 Months in Youth in the Teamwork, Targets, Technology, and Tight Control (4T) Study.","The Journal of clinical endocrinology and metabolism","2026 Jan 21",MODERATE,Diabetes,Technology,T1D,Observational/Cohort,0,0,0
40658807,"Trends of Diabetes in Youth (TrenDY) During COVID-19 Across the United States.","The Journal of clinical endocrinology and metabolism","2026 Jan 21",MODERATE,Diabetes,General,T1D,Observational/Cohort,0,0,0
40746173,"Children With Diabetes and At Least One Non-Autoimmune Feature Should Be Considered for Monogenic Diabetes Testing.","The Journal of clinical endocrinology and metabolism","2026 Jan 21",LOW,Diabetes,General,MODY/Monogenic,Other,0,0,0
40658805,"Expanded Steroid Profiling Identifies Novel Newborn Screening Markers for Congenital Adrenal Hyperplasia.","The Journal of clinical endocrinology and metabolism","2026 Jan 21",LOW,Adrenal,"","",Other,0,0,0
40522925,"Maternal Thyroid Function During Pregnancy and Early Adolescent Regional Differences in Cerebral Gray Matter Morphology.","The Journal of clinical endocrinology and metabolism","2026 Jan 21",MODERATE,Thyroid,"","",Observational/Cohort,0,0,0
40626687,"Near-Adult Height Outcomes in Patients Treated With rhIGF-1 for Severe Growth Failure: Real-World IGFD Registry Data.","The Journal of clinical endocrinology and metabolism","2026 Jan 21",MODERATE,Growth,"","",Observational/Cohort,0,0,0
40587656,"Cord Blood DNA Methylation at CHD13 Is Associated with Adiponectin Levels at 10 to 14 Years of Age.","The Journal of clinical endocrinology and metabolism","2026 Jan 21",MODERATE,Diabetes,General,T2D,Cross-Sectional,0,0,0
40554621,"Genetics of GH Deficiency: Insights From a Cohort of 203 Patients.","The Journal of clinical endocrinology and metabolism","2026 Jan 21",MODERATE,Pituitary,"","",Observational/Cohort,0,0,0
40705962,"Congenital Hyperinsulinemic Hypoglycemia With a New HADH Mutation and Pancreatic Overexpression of GLP-1 Receptors.","The Journal of clinical endocrinology and metabolism","2026 Jan 21",LOW,Hyperinsulinism,"","",Other,0,0,0
41566693,"A Real-World Data Assessment of Pulmonary Toxicity of Inhaled Insulin for Diabetes.","Diabetes technology & therapeutics","2026 Jan 21",LOW,Diabetes,General,General,Registry/Database,0,0,0
40554608,"Maturity-Onset Diabetes of the Young (MODY) in a Racially/Ethnically Diverse Pediatric Population.","The Journal of clinical endocrinology and metabolism","2026 Jan 21",MODERATE,Diabetes,General,MODY/Monogenic,Observational/Cohort,0,0,0
40794735,"Association Between Particulate Matter Exposure and Thyroid Hormone Levels in Early Childhood: Results From JECS.","The Journal of clinical endocrinology and metabolism","2026 Jan 21",MODERATE,Thyroid,"","",Observational/Cohort,0,0,0
40810440,"Association of Glucose Response Shape in OGTT With Markers of Pancreatic Health and Inflammation Across Diverse Ages.","The Journal of clinical endocrinology and metabolism","2026 Jan 21",MODERATE,Diabetes,General,General,Cross-Sectional,0,0,0
40578837,"The Ontogeny of Distinct Reproductive Phenotypes in Girls at Risk for PCOS During the Postmenarchal Transition.","The Journal of clinical endocrinology and metabolism","2026 Jan 21",LOW,Puberty,"","",Cross-Sectional,0,0,0
41549465,"Dyggve-Melchior-Clausen syndrome in three siblings: a unique case series with dual diagnosis of Down syndrome and Hirschsprung disease.","Journal of pediatric endocrinology & metabolism : JPEM","2026 Jan 20",LOW,Growth,"","","Case Series",0,0,0
41549377,"Successful desensitization to alglucosidase alfa in a very young infant with Pompe disease.","Journal of pediatric endocrinology & metabolism : JPEM","2026 Jan 20",LOW,"General Endocrinology","","",Other,0,0,0
41553972,"Unmet Medical Needs in Pediatric Endocrinology: A Position Statement from the European Society for Paediatric Endocrinology Clinical Practice Committee and Council Joint Initiative.","Hormone research in paediatrics","2026 Jan 19",PRACTICE-ALTERING,"General Endocrinology","","",Guideline/Consensus,1,0,0
41553960,"Emotional Challenges Experienced along the Diabetes Technology Journey by Caregivers of Black and Hispanic/Latino Youth with Type 1 Diabetes.","Hormone research in paediatrics","2026 Jan 19",LOW,Diabetes,Technology,T1D,Survey/Questionnaire,0,0,0
41537284,"Near Final Height in Males treated with Aromatase Inhibitors.","Journal of clinical research in pediatric endocrinology","2026 Jan 15",LOW,Growth,"","",Observational/Cohort,0,0,0
41537273,"Current Approaches and Therapeutic Strategies for Hypothalamic Syndrome in Patients with Childhood-onset Craniopharyngioma.","Journal of clinical research in pediatric endocrinology","2026 Jan 15",LOW,Pituitary,"","",Other,0,0,0
41527361,"MASLD coexisting with PCOS increases cardiometabolic risk.","The Journal of clinical endocrinology and metabolism","2026 Jan 13",MODERATE,Diabetes,General,General,Observational/Cohort,0,0,0
41521529,"Severe metabolic acidosis in succinyl-CoA:3-ketoacid CoA transferase (SCOT) deficiency: case report of a novel pathogenic OXCT1 variant (L131_E132dup) and its pathophysiological basis.","Journal of pediatric endocrinology & metabolism : JPEM","2026 Jan 13",LOW,Diabetes,General,General,Other,0,0,0
41521707,"The Relationship Between HbA1c and GMI and Glucose Metrics in Children and Adolescents with Type 1 Diabetes Using AID.","Journal of clinical research in pediatric endocrinology","2026 Jan 12",LOW,Diabetes,Technology,T1D,Observational/Cohort,0,0,0
41521682,"The Potential Role of LRG1 in Hepatosteatosis and Insulin Resistance in Obese Children.","Journal of clinical research in pediatric endocrinology","2026 Jan 12",LOW,Diabetes,General,General,Other,0,0,0
41525336,"Nutrition and Healthy Lifestyles for Children and Adolescents with Early-Stage Type 1 Diabetes.","Hormone research in paediatrics","2026 Jan 12",HIGH,Diabetes,General,T1D,RCT,0,0,0
41521526,"GH Response to Glucagon in Transition: Role of BMI and Etiology in Childhood-Onset GH Deficiency.","The Journal of clinical endocrinology and metabolism","2026 Jan 12",MODERATE,"Cancer Late Effects","","",Observational/Cohort,0,0,0
41511914,"A National Survey of Paediatric Turner Syndrome Services in the UK: Current Practice and Variability in Care.","Hormone research in paediatrics","2026 Jan 09",LOW,Growth,"","",Registry/Database,0,0,0
41507059,"Association of prenatal glycemic marker cumulative exposure with placental DNA methylation change.","The Journal of clinical endocrinology and metabolism","2026 Jan 08",LOW,Diabetes,General,General,Other,0,0,0
41505353,"Longitudinal Observation of Children with Achondroplasia: Findings from a Global Natural History Study (ACHieve).","Hormone research in paediatrics","2026 Jan 08",MODERATE,Growth,"","",Observational/Cohort,0,0,0
41498263,"Evaluation of Muscle Mass and Strength in Children and Adolescents with Disorders of Sex Development.","Journal of clinical research in pediatric endocrinology","2026 Jan 07",LOW,DSD,"","",Other,0,0,0
41499313,"Performance of Celiac Serologic Markers and Follow-Up Adherence in Children with Type 1 Diabetes and Comorbid Celiac Disease.","Hormone research in paediatrics","2026 Jan 07",MODERATE,Diabetes,General,T1D,Observational/Cohort,0,0,0
41486943,"Case Reports: Exploring the Varied Presentations and Clinical Features of Carney Complex, A Detailed Report on Three Distinct Cases.","Journal of clinical research in pediatric endocrinology","2026 Jan 05",LOW,Pituitary,"","",Other,0,0,0
41482637,"Diazoxide Choline Extended-Release Tablets in Prader-Willi Syndrome: A Randomized, Double-Blind, Withdrawal Period Study.","The Journal of clinical endocrinology and metabolism","2026 Jan 02",HIGH,Hyperinsulinism,"","",RCT,1,0,0
41223156,"Use of Teplizumab to Modulate Stage 2 Type 1 Diabetes in Two Individuals With Autoimmune Polyendocrine Syndrome 1.","Diabetes care","2026 Jan 01",LOW,"General Endocrinology","","",Other,0,0,0
41237324,"Novel Phenotypic Clusters of Youth-Onset Type 2 Diabetes Offer No Added Prognostic Value to Simple Clinical Measures.","Diabetes care","2026 Jan 01",MODERATE,Diabetes,General,T2D,Other,0,0,0
41468104,"Cost-Utility Analysis of Control-IQ Technology Relative to Conventional Insulin Therapy in Adults with Type 1 Diabetes.","Diabetes technology & therapeutics","2026 Jan 01",MODERATE,Diabetes,Technology,T1D,"Prospective Study",0,0,0
41223151,"INHALE-1: A Multicenter Randomized Trial of Inhaled Technosphere Insulin in Children With Type 1 Diabetes.","Diabetes care","2026 Jan 01",HIGH,Diabetes,Technology,T1D,RCT,1,0,0
41358890,"14. Children and Adolescents: Standards of Care in Diabetes-2026.","Diabetes care","2026 Jan 01",HIGH,Diabetes,General,General,Review,0,0,0
41058069,"Diagnostic Utility of Fractional Excretion of Urate, Urinary Phosphate and Brain Natriuretic Peptide in Distinguishing Cerebral/Renal Salt Wasting From SIADH in Neurologically Ill Children: A Systematic Review.","Clinical endocrinology","2026 Jan",HIGH,Pituitary,"","",Meta-analysis,1,0,0
40712645,"Real-World Evidence of the Effect of Adjunctive Semaglutide on Weight Change, Glycemic Control, and Metabolic Dysfunction-Associated Steatotic Liver Disease in People with Type 1 Diabetes.","Diabetes technology & therapeutics","2026 Jan",LOW,Diabetes,Technology,T1D,"Real-World Study",0,0,0
40711834,"Preventing Diabetic Ketoacidosis with Continuous Ketone Monitoring: Insights from a Clinical Research Case.","Diabetes technology & therapeutics","2026 Jan",LOW,Diabetes,Technology,T1D,Other,0,0,0
40803363,"Cost Analysis of the FreeStyle Libre Systems in People with Type 2 Diabetes Mellitus on Basal Insulin with Poor Glycemic Control: A Spanish Perspective.","Diabetes technology & therapeutics","2026 Jan",MODERATE,Diabetes,Technology,T2D,Observational/Cohort,0,0,0
41308662,"Glycaemic control and pregnancy outcomes with real-time continuous glucose monitoring in gestational diabetes (GRACE): an open-label, multicentre, multinational, randomised controlled trial.","The lancet. Diabetes & endocrinology","2026 Jan",PRACTICE-ALTERING,Diabetes,Technology,GDM,RCT,1,0,0
41381173,"Task shifting and task sharing in paediatric type 1 diabetes care: a global survey.","The lancet. Diabetes & endocrinology","2026 Jan",LOW,Diabetes,General,T1D,Survey/Questionnaire,0,0,0
40711975,"Impact of a Specialized Team in Diabetes on Glucometric Parameters and Efficiency Indicators During Hospital Admission in Medical Units.","Diabetes technology & therapeutics","2026 Jan",MODERATE,Diabetes,General,General,"Prospective Study",0,0,0
40719607,"A Pilot Study Evaluating Meal Timing, Macronutrient Composition, and Faster-Acting Insulin Aspart Versus Insulin Aspart on Postprandial Glycemia with the Medtronic Advanced Hybrid Closed-Loop System.","Diabetes technology & therapeutics","2026 Jan",LOW,Diabetes,Technology,T1D,Registry/Database,0,0,0
40720214,"Ease of Use of the Reusable DuraTouch Pen Injector in Individuals with Diabetes with and Without Previous Pen Injector Experience: A Handling Study.","Diabetes technology & therapeutics","2026 Jan",LOW,Diabetes,General,T1D,Survey/Questionnaire,0,0,0
40947755,"Prevalence of Hypertension in Obese Adolescents With Polycystic Ovary Syndrome.","Clinical endocrinology","2026 Jan",LOW,Diabetes,General,General,Cross-Sectional,0,0,0
41274303,"Trajectories of type 2 diabetes and cancer in 330 000 individuals with prediabetes: 20-year observational study in England.","The lancet. Diabetes & endocrinology","2026 Jan",MODERATE,Diabetes,General,T2D,Observational/Cohort,0,0,0
40711968,"Letter: Beyond Accuracy: Clinical Considerations for Personal Continuous Glucose Monitoring Use During Hospitalization.","Diabetes technology & therapeutics","2026 Jan",LOW,Diabetes,Technology,General,Letter/Correspondence,0,0,0
40742290,"Impact of an Insulin Bolus Calculator on Glycemic Control in Relation to Exercise-A Crossover Randomized Controlled Trial.","Diabetes technology & therapeutics","2026 Jan",HIGH,Diabetes,Technology,T1D,RCT,1,0,0
40780817,"A Multicenter Study of an Investigational Extended Wear Insulin Infusion Set in Adults with Type 1 Diabetes.","Diabetes technology & therapeutics","2026 Jan",LOW,Diabetes,Technology,T1D,Other,0,0,0
40803367,"Accuracy of Dexcom G6 Pro Continuous Glucose Monitor in the Intensive Care Setting: TIGHT ICU G6 Study.","Diabetes technology & therapeutics","2026 Jan",MODERATE,Diabetes,Technology,General,Observational/Cohort,0,0,0
41394116,"Seven-year Safety and Efficacy of Somapacitan in Children With GH Deficiency: Final Results From REAL 3.","Journal of the Endocrine Society","2026 Jan",HIGH,Growth,"","",RCT,0,0,0
41394113,"Effect of Topiramate on Weight Status in Young Children With Severe Obesity.","Journal of the Endocrine Society","2026 Jan",MODERATE,Obesity/Metabolic,"","",RCT,1,0,0
41480193,"Clinically Optimized Adult Height Prediction From Key Bone and Pubertal Stages: Prospective Validation to Adult Height.","Journal of the Endocrine Society","2026 Jan",LOW,Puberty,"","",Observational/Cohort,0,0,0
41085706,"Uric acid and future complications in young individuals with type 1 diabetes: results from the Diabetes Incidence Study in Sweden (DISS) and the National Diabetes Registry of Sweden (NDR).",Diabetologia,"2026 Jan",MODERATE,Diabetes,General,T1D,Observational/Cohort,0,0,0
41381175,"Continuous ketone monitoring for people with diabetes: international expert recommendations on the application of a new technology.","The lancet. Diabetes & endocrinology","2026 Jan",HIGH,Diabetes,Technology,T1D,Review,0,0,0
41076452,"Generation of a pseudo-timeline describing progressive human exocrine and endocrine pancreatic pathology in cystic fibrosis through novel semi-quantitative scoring and AI-driven quantitative image analysis.",Diabetologia,"2026 Jan",LOW,Diabetes,General,General,Cross-Sectional,0,0,0
41472892,"Early Postnatal Growth and Pubertal Timing: An Ultrasound-Based Study of Breast and Testicular Development.","Journal of the Endocrine Society","2026 Jan",MODERATE,Puberty,"","",Observational/Cohort,0,0,0
41031465,"Urinary Gonadotropins as Markers of Puberty in Girls and Boys During Late Childhood and Adolescence: Evidence From the SCAMP Cohort.","Clinical endocrinology","2026 Jan",MODERATE,Puberty,"","",Observational/Cohort,0,0,0
41761663,"Adverse effect of obesity and dysglycemia on bone microarchitecture and strength in youth: sex-related differences.","The Journal of clinical endocrinology and metabolism","2026 Feb 28",LOW,Diabetes,General,T2D,Cross-Sectional,0,0,0
41758754,"Once-Weekly Lonapegsomatropin Was Efficacious and Well Tolerated in Chinese Children with Growth Hormone Deficiency: Results from a Phase 3 Randomized Trial.","Hormone research in paediatrics","2026 Feb 27",HIGH,Growth,"","",RCT,1,0,0
41762714,"Challenges of pediatric ectopic ACTH syndrome from sacrococcygeal teratoma.","Journal of pediatric endocrinology & metabolism : JPEM","2026 Feb 26",LOW,Diabetes,General,General,Other,0,0,0
41742817,"Association Between Gastrointestinal Symptoms and Sleep Habits in Children with Metabolic Dysfunction-Associated Steatotic Liver Disease: a Cross-Sectional Study.","Journal of clinical research in pediatric endocrinology","2026 Feb 26",LOW,Obesity/Metabolic,"","",Cross-Sectional,0,0,0
41746871,"Sixteen Years of Clinical Data Including Genetic Analysis to Explain Delayed Puberty in a Chinese Boy with 21-Hydroxylase Deficiency: A Case Report.","Hormone research in paediatrics","2026 Feb 26",LOW,Puberty,"","",Other,0,0,0
41742816,"Mucocutaneous Findings and Endocrinopathies in Children with Turner Syndrome: A Cross-Sectional Study.","Journal of clinical research in pediatric endocrinology","2026 Feb 26",LOW,Growth,"","",Cross-Sectional,0,0,0
41742375,"Childhood Sleep Behaviours and Polycystic Ovary Syndrome Risk in Adolescence: The Raine Study Cohort Longitudinal Study.","The Journal of clinical endocrinology and metabolism","2026 Feb 25",MODERATE,Diabetes,General,General,Observational/Cohort,0,0,0
41739856,"Age-Specific Risk of Malignancy in Pediatric Thyroid Cytology: Reframing ROM based on pre-test probability.","The Journal of clinical endocrinology and metabolism","2026 Feb 25",LOW,Thyroid,"","",Other,0,0,0
41739851,"Hypothalamic-Pituitary Deficiency after Radiation in Childhood Cancer Survivors is Associated with Rare Variants in TNS2.","The Journal of clinical endocrinology and metabolism","2026 Feb 25",MODERATE,"Cancer Late Effects","","",Observational/Cohort,0,0,0
41353583,"GLP-1 receptor agonists reduce body mass index and total daily insulin dose in youth with type 1 diabetes: a retrospective cohort study.","Journal of pediatric endocrinology & metabolism : JPEM","2026 Feb 24",LOW,Diabetes,Technology,T1D,Observational/Cohort,0,0,0
41275383,"Cataract in children with type 1 diabetes: a single-center experience from North India on an underrecognized complication.","Journal of pediatric endocrinology & metabolism : JPEM","2026 Feb 24",MODERATE,Diabetes,General,T1D,Observational/Cohort,0,0,0
41099230,"Phosphoglucomutase 1 deficiency misdiagnosed as Laron syndrome.","Journal of pediatric endocrinology & metabolism : JPEM","2026 Feb 24",LOW,Growth,"","",Other,0,0,0
41392030,"Can uric acid levels be helpful for the diagnosis of CPP in girls?","Journal of pediatric endocrinology & metabolism : JPEM","2026 Feb 24",LOW,Puberty,"","",Case-Control,0,0,0
41077643,"A 2-year-old girl with merged phenotypes: galactosemia and Coffin-Lowry syndrome.","Journal of pediatric endocrinology & metabolism : JPEM","2026 Feb 24",LOW,Genetics,"","",Other,0,0,0
41111433,"Positive neonatal screening test for congenital adrenal hyperplasia in a case with 3β-hydroxysteroid dehydrogenase type 2 deficiency.","Journal of pediatric endocrinology & metabolism : JPEM","2026 Feb 24",LOW,Adrenal,"","",Other,0,0,0
41321009,"A comparative study of the interpretation results of different artificial intelligence bone age assessment software.","Journal of pediatric endocrinology & metabolism : JPEM","2026 Feb 24",LOW,"General Endocrinology","","",Other,0,0,0
41460708,"Do patients with idiopathic short stature or partial growth hormone deficiency need to continue growth hormone therapy during puberty?","Journal of pediatric endocrinology & metabolism : JPEM","2026 Feb 24",MODERATE,Growth,"","",Observational/Cohort,0,0,0
41432272,"The incidence of sellar abnormalities in newly diagnosed children with central precocious puberty: a single-center study based on 625 cases.","Journal of pediatric endocrinology & metabolism : JPEM","2026 Feb 24",MODERATE,Puberty,"","",Observational/Cohort,0,0,0
41376381,"Effects of exercise training on cardiorespiratory fitness in children and adolescents with overweight or obesity: a systematic review.","Journal of pediatric endocrinology & metabolism : JPEM","2026 Feb 24",HIGH,Obesity/Metabolic,"","",Meta-analysis,0,0,0
41370338,"Is the tracheal index useful for evaluating the thyroid in infants suspected of hypothyroidism?","Journal of pediatric endocrinology & metabolism : JPEM","2026 Feb 24",LOW,Growth,"","",Other,0,0,0
41380163,"Evaluation of children with solid thyroid nodules: a single-center experience.","Journal of pediatric endocrinology & metabolism : JPEM","2026 Feb 24",LOW,Thyroid,"","",Observational/Cohort,0,0,0
41428408,"Knowledge of advanced carbohydrate counting in children and adolescents with type 1 diabetes and its effect on glycaemic control.","Journal of pediatric endocrinology & metabolism : JPEM","2026 Feb 24",LOW,Diabetes,General,T1D,Cross-Sectional,0,0,0
41711566,"Management of porphyria-like syndrome in tyrosinemia type 1.","Journal of pediatric endocrinology & metabolism : JPEM","2026 Feb 24",LOW,Pituitary,"","",Other,0,0,0
40976583,"Multiracial Cytokine Profiling Reveals Immune Dysregulation not Chronic Inflammation in Polycystic Ovary Syndrome.","The Journal of clinical endocrinology and metabolism","2026 Feb 20",MODERATE,PCOS,"","",Observational/Cohort,0,0,0
40827087,"Early Growth Hormone Treatment Enhances Growth and Nutritional Status in Silver-Russell Syndrome.","The Journal of clinical endocrinology and metabolism","2026 Feb 20",MODERATE,Diabetes,General,General,Observational/Cohort,0,0,0
40973122,"Long-Term Outcomes of Patients Diagnosed With Differentiated Thyroid Cancer in Childhood and Young Adulthood.","The Journal of clinical endocrinology and metabolism","2026 Feb 20",MODERATE,Thyroid,"","",Observational/Cohort,0,0,0
40827356,"A Recurrent Splice Variant Sheds Light on 11β-Hydroxylase Deficiency in a Unique Large Cohort.","The Journal of clinical endocrinology and metabolism","2026 Feb 20",MODERATE,Puberty,"","",Observational/Cohort,0,0,0
40853921,"Genetic and Clinical Characteristics of Monogenic Diabetes in Japan: A Nationwide Study by the Japan Diabetes Society.","The Journal of clinical endocrinology and metabolism","2026 Feb 20",MODERATE,Diabetes,General,MODY/Monogenic,Other,0,0,0
40435323,"Timing Is Everything-Early Diagnosis of Congenital Hypogonadotropic Hypogonadism.","The Journal of clinical endocrinology and metabolism","2026 Feb 20",LOW,Puberty,"","",Editorial/Commentary,0,0,0
40852855,"Challenges in Estimating Renal Function in X-linked Hypophosphatemia Because of Formula Overestimation and FGF23 Effects.","The Journal of clinical endocrinology and metabolism","2026 Feb 20",MODERATE,Bone/Calcium,"","",Observational/Cohort,0,0,0
41001785,"Genomic Insights into Short Stature in Children Born Small for Gestational Age: A Korean Multicenter Exome Study.","The Journal of clinical endocrinology and metabolism","2026 Feb 20",MODERATE,Growth,"","",Observational/Cohort,0,0,0
40852975,"Reference Values for Serum Leptin Levels in Children, Adolescents, and Adults With Normal Weight, Overweight, and Obesity.","The Journal of clinical endocrinology and metabolism","2026 Feb 20",MODERATE,Puberty,"","",Observational/Cohort,0,0,0
41071584,"Rates and Pattern of Antifracture Drug Use in 6475 Adults and Children With Osteogenesis Imperfecta.","The Journal of clinical endocrinology and metabolism","2026 Feb 20",MODERATE,Bone/Calcium,"","",Observational/Cohort,0,0,0
40899010,"Changes in Circulating Levels of miR-30b During Minipuberty and Puberty in Girls.","The Journal of clinical endocrinology and metabolism","2026 Feb 20",LOW,Puberty,"","",Other,0,0,0
41017432,"Association of IGF-1 Levels With Height From Childhood to Adulthood: An Observational and Mendelian Randomization Study.","The Journal of clinical endocrinology and metabolism","2026 Feb 20",MODERATE,Growth,"","",Observational/Cohort,0,0,0
40810200,"A Global Approach to the Long-Term Follow-Up of 17 Families With Bilateral Macronodular Adrenal Disease.","The Journal of clinical endocrinology and metabolism","2026 Feb 20",MODERATE,Adrenal,"","",Observational/Cohort,0,0,0
40922648,"Enhancing Accuracy of Newborn Screening for 21OHD: Strategic Use of 21-Deoxycortisol in a Large-Scale Tokyo Cohort.","The Journal of clinical endocrinology and metabolism","2026 Feb 20",MODERATE,Diabetes,Technology,General,Observational/Cohort,0,0,0
41004687,"Functional Domain Mapping of TPO: Insights From 6 Variants in Sudanese Kindreds With Congenital Hypothyroidism.","The Journal of clinical endocrinology and metabolism","2026 Feb 20",LOW,Thyroid,"","",Other,0,0,0
40890050,"Machine Learning Prediction of Recurrence in Pediatric Thyroid Cancer: Malignant Endocrine Tumors Cohort Analysis Using XGBoost and SHAP.","The Journal of clinical endocrinology and metabolism","2026 Feb 20",MODERATE,Thyroid,"","",Observational/Cohort,0,0,0
40921717,"Longitudinal Characterization and Sonographic Staging of Testicular Adrenal Rest Tumors.","The Journal of clinical endocrinology and metabolism","2026 Feb 20",MODERATE,Puberty,"","","Prospective Study",0,0,0
40911547,"Trends In Reported Outcomes for Growth Hormone Therapy In Children With Growth Hormone Deficiency.","The Journal of clinical endocrinology and metabolism","2026 Feb 20",HIGH,Growth,"","","Systematic Review",1,0,0
41712477,"European Society for Paediatric Endocrinology and European Society of Endocrinology Joint Clinical Practice Guidance for Healthcare Transition from Paediatric to Adult Endocrine Care.","Hormone research in paediatrics","2026 Feb 19",PRACTICE-ALTERING,"General Endocrinology","","",Guideline/Consensus,1,0,0
41711038,"Transition of Care in X-Linked Hypophosphatemic Rickets: From Pediatric to Adult Practice- A Narrative Review.","Journal of clinical research in pediatric endocrinology","2026 Feb 19",MODERATE,Bone/Calcium,"","",Review,0,0,0
41703432,"Optimizing Diabetes Management During Type 1 Diabetes Pregnancy with Automated Insulin Delivery Therapy: Clinical Impact and Economic Consequences in Spain.","Diabetes technology & therapeutics","2026 Feb 17",LOW,Diabetes,Technology,T1D,Registry/Database,0,0,0
41703423,"Accuracy of Dexcom G6® and FreeStyle Libre® Sensors in Standardized Hypoxia Conditions: A Randomized Controlled Trial-FOX Study.","Diabetes technology & therapeutics","2026 Feb 17",HIGH,Diabetes,Technology,T1D,RCT,1,0,0
41700684,"Intermittently Scanned Continuous Glucose Monitoring Enhances Weight Loss and Adherence in Women with Obesity: A Randomized Controlled Trial.","Diabetes technology & therapeutics","2026 Feb 17",MODERATE,Diabetes,Technology,General,RCT,1,0,0
41697894,"Testing Multiple Delivery Methods of the Virtual Exercise Games for Youth with T1D Peer Intervention: Protocol Development and Feasibility.","Hormone research in paediatrics","2026 Feb 16",LOW,Diabetes,General,T1D,Observational/Cohort,0,0,0
41697906,"Long-Term Growth Hormone Therapy Improves Adult Height in Children with Indian Hedgehog-Related Short Stature.","Hormone research in paediatrics","2026 Feb 16",LOW,Growth,"","",Observational/Cohort,0,0,0
41697902,"Decreased Gross Motor, Working Memory, and Adaptive Behavior in Children with Congenital Adrenal Hyperplasia.","Hormone research in paediatrics","2026 Feb 16",LOW,Adrenal,"","",Cross-Sectional,0,0,0
41697933,"Assessment of Combined Growth Hormone and Gonadotropin-Releasing Hormone Analogue Treatment in Children with Silver-Russell Syndrome.","Hormone research in paediatrics","2026 Feb 16",LOW,Growth,"","",Observational/Cohort,0,0,0
41693151,"""Endocrine Disorders After Treatment for Pediatric Brain Tumors: Long-Term Outcomes and Risk Factors"".","The Journal of clinical endocrinology and metabolism","2026 Feb 15",MODERATE,Pituitary,"","",Observational/Cohort,0,0,0
41689273,"Glucocorticoid Trajectories in Preterm Infants - Born Too Soon, Wired Differently.","The Journal of clinical endocrinology and metabolism","2026 Feb 13",MODERATE,Adrenal,"","",Other,0,0,0
41678360,"Afirma Genomic Sequencing Classifier Performance in Young Patients with Cytologically Indeterminate Thyroid Nodules.","The Journal of clinical endocrinology and metabolism","2026 Feb 12",MODERATE,Thyroid,"","",Observational/Cohort,0,0,0
41684056,"Ketone Profiles in Community-Dwelling Adults with Type 1 Diabetes Using Continuous Ketone Monitoring.","Diabetes technology & therapeutics","2026 Feb 12",LOW,Diabetes,General,T1D,Other,0,0,0
41681122,"Glycemic Outcomes During Outpatient Use of Automated Insulin Delivery Without Meal Announcement in Adults with Type 1 Diabetes: Results from the CLOSE IT Randomized Controlled Trial.","Diabetes technology & therapeutics","2026 Feb 12",HIGH,Diabetes,Technology,T1D,RCT,1,0,0
41678418,"HbA1c and Disordered Eating Behaviors Trends in Adolescents with Type 1 Diabetes following the Implementation of Insulin Pump Therapy.","Hormone research in paediatrics","2026 Feb 12",LOW,Diabetes,Technology,T1D,"Prospective Study",0,0,0
41681115,"A Global Skills-Based Model for Ambulatory Cardiometabolic Care: Leveraging Digital Health.","Diabetes technology & therapeutics","2026 Feb 12",LOW,"General Endocrinology","","",Other,0,0,0
41673946,"Accuracy of a Continuous Glucose Monitor in the Intensive Care Unit.","Diabetes technology & therapeutics","2026 Feb 11",LOW,Diabetes,Technology,General,Registry/Database,0,0,0
41674083,"Letter: Hypoglycemia Assessed by Continuous Glucose Monitoring: A Proposal to Define the End of a Hypoglycemic Event More Precisely.","Diabetes technology & therapeutics","2026 Feb 11",LOW,Diabetes,Technology,General,Letter/Correspondence,0,0,0
41673940,"Letter: Dual Glucose-Ketone Monitoring as a Pump/AID Sick-Day Prevention Standard for Diabetic Ketoacidosis.","Diabetes technology & therapeutics","2026 Feb 11",LOW,Diabetes,General,General,Letter/Correspondence,0,0,0
41665939,"Children born SGA receiving growth hormone have similarly impaired glucose-insulin metabolism as children with obesity.","The Journal of clinical endocrinology and metabolism","2026 Feb 10",MODERATE,Diabetes,General,T2D,Observational/Cohort,0,0,0
41668387,"Corrigendum to: ""Automated Insulin Delivery Associated with Superior Glycemic Outcomes in Type 1 Diabetes: A Swedish National Registry Analysis"".","Diabetes technology & therapeutics","2026 Feb 10",MODERATE,Diabetes,Technology,T1D,Registry/Database,0,0,0
41449600,"Time in Tight Range Versus Time in Range for Predicting Diabetic Retinopathy in Adults with Type 1 Diabetes Using Multiple Daily Insulin Injections: A Retrospective Longitudinal Study with isCGM Data.","Diabetes technology & therapeutics","2026 Feb 10",MODERATE,Diabetes,Technology,T1D,Observational/Cohort,0,0,0
41660790,"Real-World Performance of the MiniMed 780G Advanced Hybrid Closed-Loop System in the Middle East, North Africa, and Türkiye Region.","Diabetes technology & therapeutics","2026 Feb 09",LOW,Diabetes,Technology,General,Observational/Cohort,0,0,0
41655234,"Determinants of Hyperinsulinism Severity in Children with Beckwith-Wiedemann Syndrome.","The Journal of clinical endocrinology and metabolism","2026 Feb 07",MODERATE,Hyperinsulinism,"","",Observational/Cohort,0,0,0
41651803,"Safety and Feasibility of Algorithmic Continuous Glucose Monitoring-Based Titration in People with Type 2 Diabetes Using Insulin Degludec, With or Without Noninsulin Glucose-Lowering Drugs: A 16-Week Randomized Controlled Trial.","Diabetes technology & therapeutics","2026 Feb 06",HIGH,Diabetes,Technology,T2D,RCT,1,0,0
41652832,"Use of Automated Insulin Delivery Systems Following Pediatric Total Pancreatectomy and Islet Auto Transplantation.","Diabetes technology & therapeutics","2026 Feb 06",LOW,Diabetes,Technology,General,"Case Series",0,0,0
41645539,"Glycemic Outcomes Following a Missed Premeal Bolus: A Comparative Study of Three Automated Insulin Delivery Systems in Children with Type 1 Diabetes.","Diabetes technology & therapeutics","2026 Feb 05",LOW,Diabetes,Technology,T1D,"Prospective Study",0,0,0
41645534,"MiniMedTM 780G Hybrid Closed-Loop Systems Improves Markers of Vascular and Endothelial Function in Patients with Type 1 Diabetes: Association with Continuous Glucose Monitoring Metrics.","Diabetes technology & therapeutics","2026 Feb 05",LOW,Diabetes,Technology,T1D,Other,0,0,0
41645514,"Recommendations from the United Kingdom UNBIASED Study to Address Diabetes Technology Access Disparities for Children and Young People.","Diabetes technology & therapeutics","2026 Feb 05",LOW,Diabetes,Technology,T1D,Other,0,0,0
41645547,"Standardizing the Accuracy and Performance Evaluation Metrics of Integrated Continuous Glucose Monitors in the Asia-Pacific Region.","Diabetes technology & therapeutics","2026 Feb 05",MODERATE,Diabetes,Technology,General,Review,0,0,0
41645537,"Automated Insulin Delivery Reduces the Risk of Diabetic Retinopathy in Adults with Type 1 Diabetes: A Prospective Cohort Study.","Diabetes technology & therapeutics","2026 Feb 05",LOW,Diabetes,Technology,T1D,Observational/Cohort,0,0,0
41543833,"ENDO-ERN expert opinion: addressing the endocrine needs in considering genital surgery in disorders/differences in sex development individuals in Europe.","European journal of endocrinology","2026 Feb 04",MODERATE,DSD,"","",Review,0,0,0
41543974,"Diagnostic yield of genetic testing in children with short stature: a systematic review.","European journal of endocrinology","2026 Feb 04",HIGH,Growth,"","","Systematic Review",0,0,0
41637567,"Adrenal androgens as predictors of growth characteristics in premature pubarche.","European journal of endocrinology","2026 Feb 04",LOW,Growth,"","","Prospective Study",0,0,0
41543979,"International guideline on genetic testing of children with short stature.","European journal of endocrinology","2026 Feb 04",PRACTICE-ALTERING,Growth,"","",Guideline/Consensus,1,0,0
41640091,"Continuous Ketone Monitoring Captures Overt Ketosis in Type 1 Diabetes Caused by Empagliflozin, Low-Carbohydrate Diet, and Exercise.","Diabetes technology & therapeutics","2026 Feb 04",LOW,Diabetes,Technology,T1D,Other,0,0,0
41640116,"Efficacy and Safety of Dipeptidyl Peptidase-4 Inhibitors, Glucagon-Like Peptide-1 Receptor Agonists, and Sodium-Glucose Cotransporter-2 Inhibitors as Adjunctive Therapy to Automated Insulin Delivery System in Type 1 Diabetes: A Systematic Review and Meta-Analysis of Randomized Clinical Trials.","Diabetes technology & therapeutics","2026 Feb 04",HIGH,Diabetes,Technology,T1D,Meta-analysis,1,0,0
41637571,"Natural history of pituitary incidentalomas in pediatric patients: a single-center, retrospective analysis.","The Journal of clinical endocrinology and metabolism","2026 Feb 04",MODERATE,"General Endocrinology","","",Observational/Cohort,0,0,0
41640110,"Efficacy and Safety of Oral GLP-1 RA Orforglipron on Weight and Glycemic Control According to Diabetes Status: A Systematic Review and Meta-Analysis.","Diabetes technology & therapeutics","2026 Feb 04",HIGH,Diabetes,General,General,Meta-analysis,0,0,0
41614605,"Association of increased cortical thickness and cognitive impairment in patients with Kallmann syndrome.","European journal of endocrinology","2026 Feb 04",MODERATE,Puberty,"","",Observational/Cohort,0,0,0
41531283,"Contemporary global management of 21-hydroxylase deficiency congenital adrenal hyperplasia in early infancy: a multi-national registry study.","European journal of endocrinology","2026 Feb 04",MODERATE,Adrenal,"","",Observational/Cohort,0,0,0
41693157,"Hemodynamic and microvascular abnormalities in P450 oxidoreductase deficiency: evidence for COX-dependent dysfunction.","European journal of endocrinology","2026 Feb 04",LOW,Adrenal,"","",Observational/Cohort,0,0,0
41614610,"Somapacitan in children born small for gestational age: 4-year results from phase 2.","European journal of endocrinology","2026 Feb 04",HIGH,Growth,"","",RCT,0,0,0
41528724,"IGF-I bioavailability in congenital isolated growth hormone deficiency.","European journal of endocrinology","2026 Feb 04",LOW,Growth,"","",Observational/Cohort,0,0,0
41712606,"Somapacitan in children with idiopathic short stature: a randomized controlled phase 3 study.","European journal of endocrinology","2026 Feb 04",HIGH,Growth,"","",RCT,1,0,0
41712405,"Exome findings in children with short stature evaluated by growth hormone stimulation testing.","European journal of endocrinology","2026 Feb 04",LOW,Growth,"","",Other,0,0,0
41640105,"Inhaled Technosphere Insulin in Children with Diabetes: The INHALE-1 Extension Study.","Diabetes technology & therapeutics","2026 Feb 04",HIGH,Diabetes,Technology,T1D,RCT,0,0,0
41640085,"Association of Time in Tight Range with Microvascular Complications in Japanese Patients with Type 2 Diabetes Mellitus: A Multicenter Cross-Sectional Study.","Diabetes technology & therapeutics","2026 Feb 04",LOW,Diabetes,Technology,T2D,Cross-Sectional,0,0,0
41639978,"Hyperthyroidism and birth defects: The roles of maternal thyroid function and thyroid autoantibody positivity.","The Journal of clinical endocrinology and metabolism","2026 Feb 04",MODERATE,Thyroid,"","",Observational/Cohort,0,0,0
41636640,"Endocrine and metabolic late effects in childhood cancer survivors in Germany: the VersKiK study.","European journal of endocrinology","2026 Feb 04",MODERATE,"Cancer Late Effects","","",Observational/Cohort,0,0,0
41707689,"European Society for Paediatric Endocrinology (ESPE) and European Society of Endocrinology (ESE) joint clinical practice guidance for healthcare transition from paediatric to adult endocrine care.","European journal of endocrinology","2026 Feb 04",HIGH,"General Endocrinology","","","Systematic Review",0,0,0
41632726,"Long-Acting PEGylated Growth Hormone in Children with Idiopathic Short Stature: 2-Year Results.","Hormone research in paediatrics","2026 Feb 03",LOW,Growth,"","",Other,0,0,0
41626659,"Childhood thiamine-responsive megaloblastic anemia and diabetes: a case series highlighting early diagnosis and management.","Journal of pediatric endocrinology & metabolism : JPEM","2026 Feb 03",LOW,Diabetes,General,General,"Case Series",0,0,0
41632727,"Neonatal Diabetes in Ireland over the Past 19 Years: Clinical Presentation, Management, Genetics, and Outcomes.","Hormone research in paediatrics","2026 Feb 03",LOW,Diabetes,General,MODY/Monogenic,"Case Series",0,0,0
41401417,"Stratifying the Rate of Disease Progression by Progression Likelihood Scores in Children and Adolescents With Stage 1 and Stage 2 Type 1 Diabetes in Germany.","Diabetes care","2026 Feb 01",MODERATE,Diabetes,General,T1D,Other,0,0,0
41379540,"Effect of Low Bolus Frequency on Automated Insulin Delivery System Performance in Youth With Type 1 Diabetes.","Diabetes care","2026 Feb 01",LOW,Diabetes,Technology,T1D,Other,0,0,0
41364459,"Genetic Predictors of Response to Oral Insulin for Type 1 Diabetes Prevention.","Diabetes care","2026 Feb 01",MODERATE,Diabetes,General,T1D,Observational/Cohort,0,0,0
41439306,"Is Diabetes Technology Associated With Weight Gain in Children and Adolescents With Type 1 Diabetes?","Diabetes care","2026 Feb 01",LOW,Diabetes,Technology,T1D,Letter/Correspondence,0,0,0
41379482,"Midchildhood Obesity After Exposure to Gestational Diabetes Mellitus: The SWIFT Study in Youth.","Diabetes care","2026 Feb 01",MODERATE,Diabetes,General,GDM,Observational/Cohort,0,0,0
40897432,"Biases in Glucose Metrics Are Directly Related to Low Coverage of Continuous Glucose Monitoring: Insights from Diverse Populations.","Diabetes technology & therapeutics","2026 Feb",LOW,Diabetes,Technology,T1D,"Real-World Study",0,0,0
41622419,"Pulmonary Safety and Clinical Considerations for Inhaled Insulin: A Comprehensive Review.","Diabetes technology & therapeutics","2026 Feb",MODERATE,Diabetes,General,T1D,Review,0,0,0
41622417,"Dosing Afrezza: It's Not that Complicated.","Diabetes technology & therapeutics","2026 Feb",MODERATE,Diabetes,General,General,Review,0,0,0
41327630,"Comment on ""Puberty-Promoting Treatment and Psychosocial Well-Being in Boys With Constitutional Delay of Puberty: A Randomized Controlled Trial"".","Clinical endocrinology","2026 Feb",HIGH,Puberty,"","",RCT,1,0,0
41198915,"Perceived stress in mothers of children with and without islet and coeliac autoimmunity in the ENDIA study.",Diabetologia,"2026 Feb",MODERATE,Diabetes,General,T1D,Observational/Cohort,0,0,0
40910939,"Real-World Clinical Impact of Using Personal Glucose Targets in a Hybrid Closed-Loop System Differs According to Age.","Diabetes technology & therapeutics","2026 Feb",LOW,Diabetes,Technology,General,Observational/Cohort,0,0,0
41622409,"Case Reports: Practical Use of Pulmonary Inhaled (Technosphere) Insulin in Type 1 Diabetes, Type 2 Diabetes, and Pregnancy.","Diabetes technology & therapeutics","2026 Feb",LOW,Diabetes,General,T1D,Other,0,0,0
41622413,"Use of Inhaled Insulin with Automated Insulin Delivery Systems.","Diabetes technology & therapeutics","2026 Feb",MODERATE,Diabetes,Technology,General,Review,0,0,0
41274302,"Thyroid cancer in adolescents and young adults: a population-based study in 185 countries worldwide.","The lancet. Diabetes & endocrinology","2026 Feb",LOW,Thyroid,"","",Other,0,0,0
41175199,"Heterogeneity in clinically diagnosed type 1 diabetes: characterising a unique cohort with maintained C-peptide secretion in Ghana.",Diabetologia,"2026 Feb",MODERATE,Diabetes,General,T1D,Observational/Cohort,0,0,0
41608202,"Interpretable Machine Learning Model for Survival Prediction in Pediatric Adrenocortical Tumors.","Journal of the Endocrine Society","2026 Feb",LOW,Adrenal,"","",Observational/Cohort,0,0,0
40988364,"Catch-Up Growth in Children With Congenital Hypothyroidism on Thyroxine Therapy: A Retrospective Study.","Clinical endocrinology","2026 Feb",LOW,Thyroid,"","",Observational/Cohort,0,0,0
41054004,"Puberty-Promoting Treatment and Psychosocial Well-Being in Boys With Constitutional Delay of Puberty: A Randomized Controlled Trial.","Clinical endocrinology","2026 Feb",MODERATE,Puberty,"","",RCT,1,0,0
41219438,"Influence of glycaemic management and BMI on cardiac autonomic markers in children with type 1 diabetes: a prospective cohort study.",Diabetologia,"2026 Feb",MODERATE,Diabetes,Technology,T1D,Observational/Cohort,0,0,0
41196293,"Safety and pharmacokinetics of teplizumab in children less than 8 years of age with stage 2 type 1 diabetes.",Diabetologia,"2026 Feb",LOW,Diabetes,General,T1D,Other,0,0,0
41791885,"Finnish-Enriched SLC26A7 Variant in Congenital Hypothyroidism: Clinical Spectrum, Thyroid Histopathology, and Expression Analysis.","Thyroid : official journal of the American Thyroid Association","2026 Feb",MODERATE,Thyroid,"","",Observational/Cohort,0,0,0
41623909,"Bone Age Delay in X-linked Hypophosphatemia.","Journal of the Endocrine Society","2026 Feb",LOW,Bone/Calcium,"","",Observational/Cohort,0,0,0
41622411,"Overcoming Therapeutic Inertia with Inhaled Insulin Therapy.","Diabetes technology & therapeutics","2026 Feb",MODERATE,Diabetes,General,T1D,Review,0,0,0
41622412,"Impact of Inhaled Insulin Therapy on Hypoglycemia.","Diabetes technology & therapeutics","2026 Feb",MODERATE,Diabetes,General,T1D,Review,0,0,0
41622415,"Unmet Needs in Insulin-Treated Diabetes Management.","Diabetes technology & therapeutics","2026 Feb",MODERATE,Diabetes,Technology,General,Review,0,0,0
41622416,"Potential Role of Inhaled Insulin in the Management of Gestational Diabetes Mellitus and Pediatric Type 1 Diabetes.","Diabetes technology & therapeutics","2026 Feb",MODERATE,Diabetes,General,T1D,Review,0,0,0
41247493,"The virtual Morris water maze for cognitive function assessment in adolescents with type 1 diabetes.",Diabetologia,"2026 Feb",LOW,Diabetes,Technology,T1D,Other,0,0,0
40910890,"Extrapolated Time in Range and Pregnancy Outcomes in Patients with Type 1 Diabetes.","Diabetes technology & therapeutics","2026 Feb",LOW,Diabetes,Technology,T1D,Observational/Cohort,0,0,0
41614010,"Gut and Heart Axis Affects Cardiometabolic Health Through the Ages. A Special Focus on Adolescence.","Journal of the Endocrine Society","2026 Feb",LOW,"General Endocrinology","","",Editorial/Commentary,0,0,0
41622418,"Role of Ultra-Rapid Acting Insulin in Managing Diabetes.","Diabetes technology & therapeutics","2026 Feb",LOW,Diabetes,General,General,Other,0,0,0
41267571,"The Use of Routine Laboratory 17-Hydroxyprogesterone for Identification of Cases of 21-Hydroxylase Deficiency Congenital Adrenal Hyperplasia.","Clinical endocrinology","2026 Feb",LOW,Adrenal,"","",Other,0,0,0
40900178,"Glucose360: An Open-Source Python Platform with Event-Based Integration for Continuous Glucose Monitoring Data Analysis.","Diabetes technology & therapeutics","2026 Feb",LOW,Diabetes,Technology,General,Other,0,0,0
41622410,"The Potential of Inhaled Insulin Therapy in Overcoming Treatment Barriers in People with Insulin-Treated Diabetes.","Diabetes technology & therapeutics","2026 Feb",MODERATE,Diabetes,General,General,Review,0,0,0
40824839,"Safety and Glycemic Outcomes of the MiniMed 780G System with a Disposable All-in-One Sensor.","Diabetes technology & therapeutics","2026 Feb",LOW,Diabetes,Technology,T1D,Observational/Cohort,0,0,0
41005794,"Advanced Hybrid Closed-Loop Systems in Perioperative Care: Safety During Anesthesia.","Diabetes technology & therapeutics","2026 Feb",HIGH,Diabetes,Technology,T1D,RCT,1,0,0
41468168,"Thyroid Function After Hemithyroidectomy in Children.","Thyroid : official journal of the American Thyroid Association","2026 Feb",MODERATE,Thyroid,"","",Observational/Cohort,0,0,0
41622420,"30 Years of Developing Inhaled Insulin.","Diabetes technology & therapeutics","2026 Feb",MODERATE,Diabetes,General,T1D,Review,0,0,0
41622414,"Potential Applications of Inhaled Insulin in Diabetic Ketoacidosis Prevention and During Exercise: Two Case Presentations.","Diabetes technology & therapeutics","2026 Feb",MODERATE,Diabetes,General,T1D,Review,0,0,0
41623908,"Long-term Safety, Efficacy, and PROs: Phase 3 Study of Leuprolide Acetate 6-month IM Depot in Central Precocious Puberty.","Journal of the Endocrine Society","2026 Feb",LOW,Puberty,"","",Other,0,0,0
40910900,"Considerations for Calculating and Reporting Continuous Glucose Monitoring Wear-Time in Research Settings.","Diabetes technology & therapeutics","2026 Feb",LOW,Diabetes,Technology,General,Letter/Correspondence,0,0,0
42045809,"Prevalence of germline variants in USP8, USP48, CABLES1 and PAM in patients with pituitary adenomas.","European journal of endocrinology","2026 Apr 30",LOW,Pituitary,"","",Other,0,0,0
42054264,"Unraveling the Genetic Heterogeneity of Isolated Growth Hormone Deficiency: Insights from the GENHYPOPIT cohort.","Hormone research in paediatrics","2026 Apr 29",LOW,Growth,"","",Observational/Cohort,0,0,0
42054261,"U.S. Adolescents of Asian Ethnicity have Higher Risk of Polycystic Ovary Syndrome.","Hormone research in paediatrics","2026 Apr 29",LOW,PCOS,"","",Observational/Cohort,0,0,0
42048275,"Preferences for (Dis)Continuing Growth Hormone Treatment at Mid-Puberty in Patients with Transient Idiopathic Isolated Growth Hormone Deficiency: A Qualitative Analysis.","Hormone research in paediatrics","2026 Apr 28",LOW,Growth,"","",Other,0,0,0
42048273,"Sex differences in pediatric and adolescent endocrinology - what are the origins?","Hormone research in paediatrics","2026 Apr 28",MODERATE,Puberty,"","",Review,0,0,0
42048270,"Does Carbohydrate Counting from Diabetes Onset make a Difference to Glycemic Outcomes? A Swedish Registry Study.","Hormone research in paediatrics","2026 Apr 28",MODERATE,Diabetes,General,T1D,Observational/Cohort,0,0,0
42050782,"Safety and Effectiveness of MiniMed™ 780G Advanced Hybrid Closed-Loop Use with Ultrarapid Insulin Lispro-AABC in Pediatric and Adult Type 1 Diabetes.","Diabetes technology & therapeutics","2026 Apr 28",MODERATE,Diabetes,Technology,T1D,Observational/Cohort,0,0,0
42053461,"Psychosocial adaptation of parents of children with type 1 diabetes: a cross-sectional study.","Journal of pediatric endocrinology & metabolism : JPEM","2026 Apr 28",LOW,Diabetes,General,T1D,Cross-Sectional,0,0,0
42053457,"Age and sexual maturation at Spermarche in boys with Laron syndrome.","Journal of pediatric endocrinology & metabolism : JPEM","2026 Apr 28",LOW,Growth,"","",Other,0,0,0
42051067,"Presumptive ovarian hyperthecosis in an adolescent girl with sustained remission after oral contraceptive therapy: a 23-year follow-up case report.","Journal of pediatric endocrinology & metabolism : JPEM","2026 Apr 28",LOW,PCOS,"","",Other,0,0,0
42048269,"Adrenocortical tumors in pediatrics beyond the classic presentation: A Case Series.","Hormone research in paediatrics","2026 Apr 28",LOW,Adrenal,"","","Case Series",0,0,0
42044156,"Endocrine Characteristics in Bardet Biedl Syndrome from a Large Single-Centre Paediatric Multidisciplinary Clinic.","The Journal of clinical endocrinology and metabolism","2026 Apr 27",MODERATE,Diabetes,General,T1D,Observational/Cohort,0,0,0
42043277,"The 40th Minute Cortisol Measurement is the Key Time-Point in the Low-Dose Synacthen Stimulation Test: A Large, Assay-Specific Pediatric Validation Study.","Journal of clinical research in pediatric endocrinology","2026 Apr 27",LOW,Pituitary,"","",Observational/Cohort,0,0,0
42045672,"Clinical obesity in Asian people: bridging the gap between adiposity and disease.","Nature reviews. Endocrinology","2026 Apr 27",HIGH,Obesity/Metabolic,"","",Review,0,0,0
42045671,"Highlights from SfE BES 2026.","Nature reviews. Endocrinology","2026 Apr 27",LOW,"General Endocrinology","","",Other,0,0,0
42061391,"What is an optimal serum thyroid-stimulating hormone value in older adults?","The lancet. Diabetes & endocrinology","2026 Apr 27",LOW,Other,Thyroid,"",Other,0,0,1
42061390,"Natural history of thyroid function in ageing: an individual participant data analysis of 137 488 participants from 31 prospective cohort studies.","The lancet. Diabetes & endocrinology","2026 Apr 27",LOW,Other,Thyroid,"",Observational/Cohort,0,0,1
42061389,"Multi-ancestry polygenic risk scores for the prediction of type 2 diabetes and complications in diverse ancestries.","The lancet. Diabetes & endocrinology","2026 Apr 27",MODERATE,Diabetes,General,T2D,Observational/Cohort,0,0,0
42048225,"Clinical characteristics and risk factors of patients with cystic fibrosis-related diabetes and pre-diabetes: cohort of cystic fibrosis registry of Türkiye.","Journal of pediatric endocrinology & metabolism : JPEM","2026 Apr 27",MODERATE,Diabetes,General,General,Observational/Cohort,0,0,0
42048665,"Predicting abdominal obesity in children and adolescents via machine learning: a longitudinal cohort study.","Journal of pediatric endocrinology & metabolism : JPEM","2026 Apr 27",MODERATE,Obesity/Metabolic,"","",Observational/Cohort,0,0,0
42030114,"Letter to the editor from Claahsen and Kamrath: ""the importance of disease-Specific growth charts for children with congenital adrenal hyperplasia"".","The Journal of clinical endocrinology and metabolism","2026 Apr 24",LOW,Adrenal,"","",Other,0,0,0
42028850,"BMI-SDS Changes During GnRHa Therapy in 150 Girls with Idiopathic Central Precocious Puberty: Follow-up Through Final Height.","Journal of clinical research in pediatric endocrinology","2026 Apr 24",LOW,Puberty,"","",Observational/Cohort,0,0,0
42044653,"Diabetes-related complications and multiple long-term conditions in sub-Saharan Africa: determinants and management strategies.","The lancet. Diabetes & endocrinology","2026 Apr 24",HIGH,Diabetes,General,General,Review,0,0,0
42044652,"Burosumab treatment for children younger than 12 months with X-linked hypophosphataemia.","The lancet. Diabetes & endocrinology","2026 Apr 24",LOW,Bone/Calcium,"","",Other,0,0,0
42044651,"Burden and determinants of diabetes in sub-Saharan Africa.","The lancet. Diabetes & endocrinology","2026 Apr 24",HIGH,Diabetes,General,T2D,Review,0,0,0
42044650,"Safety, tolerability, pharmacokinetics, and efficacy of burosumab in infants with X-linked hypophosphataemia: an open-label, multicentre, non-randomised study.","The lancet. Diabetes & endocrinology","2026 Apr 24",MODERATE,Bone/Calcium,"","",Observational/Cohort,0,0,0
42044649,"Strengthening diabetes care in sub-Saharan Africa: health systems, digital innovations, lifestyle interventions, and socioeconomic dimensions.","The lancet. Diabetes & endocrinology","2026 Apr 24",HIGH,Diabetes,General,T2D,Review,0,0,0
42044648,"Diabetes in sub-Saharan Africa: aligning biology, culture, and health systems for improved outcomes.","The lancet. Diabetes & endocrinology","2026 Apr 24",LOW,Diabetes,General,General,Other,0,0,0
41846242,"Family and culture in type 1 diabetes transition care: a mini review.","Journal of pediatric endocrinology & metabolism : JPEM","2026 Apr 24",MODERATE,Diabetes,General,T1D,Review,0,0,0
41712317,"Autoimmune polyendocrinopathy candidiasis ectodermal dystrophy (APECED): a case series and experience from a UK tertiary paediatric hospital.","Journal of pediatric endocrinology & metabolism : JPEM","2026 Apr 24",LOW,"General Endocrinology","","","Case Series",0,0,0
41725275,"Hypertrophic cardiomyopathy as a novel phenotypic feature of NSUN3-related mitochondrial disease: a case report with review of the literature.","Journal of pediatric endocrinology & metabolism : JPEM","2026 Apr 24",MODERATE,Genetics,"","",Review,0,0,0
41612862,"Berardinelli-Seip congenital lipodystrophy type-2: a case series of three Indian children.","Journal of pediatric endocrinology & metabolism : JPEM","2026 Apr 24",LOW,Diabetes,General,General,"Case Series",0,0,0
41842915,"Pediatric thyroid cancer lung metastases and RAI: long-term results.","Journal of pediatric endocrinology & metabolism : JPEM","2026 Apr 24",LOW,Thyroid,"","",Observational/Cohort,0,0,0
42044871,"Puberty promoting low dose testosterone treatment improved wellbeing and emotional state in boys with self-limited delayed puberty.","Journal of pediatric endocrinology & metabolism : JPEM","2026 Apr 24",LOW,Growth,"","",Survey/Questionnaire,0,0,0
41612845,"Meier-Gorlin syndrome due to a recurrent DONSON variant in a Turkish family: first report of thumb aplasia and long-term growth data.","Journal of pediatric endocrinology & metabolism : JPEM","2026 Apr 24",LOW,Growth,"","",Other,0,0,0
41843914,"Bone age advancement in non-obese children with premature adrenarche: relationship to growth acceleration and predicted adult height outcomes.","Journal of pediatric endocrinology & metabolism : JPEM","2026 Apr 24",LOW,Puberty,"","",Observational/Cohort,0,0,0
41842929,"Long-term outcomes in ovotesticular DSD: insights from a single-centre Indian cohort.","Journal of pediatric endocrinology & metabolism : JPEM","2026 Apr 24",LOW,Growth,"","",Observational/Cohort,0,0,0
41700350,"A novel CEP57 gene mutation in mosaic variegated aneuploidy syndrome 2: case report.","Journal of pediatric endocrinology & metabolism : JPEM","2026 Apr 24",LOW,Growth,"","",Other,0,0,0
41846236,"Volumetric MRI assessment of brain and pituitary structure in girls with central precocious puberty.","Journal of pediatric endocrinology & metabolism : JPEM","2026 Apr 24",LOW,Puberty,"","",Observational/Cohort,0,0,0
41842936,"The prevalence of autoimmune diseases in antibody negative type 1 diabetes mellitus.","Journal of pediatric endocrinology & metabolism : JPEM","2026 Apr 24",LOW,Diabetes,General,T1D,Other,0,0,0
41843922,"Association of MC4R rs17782313 and multi-locus genetic variants with metabolic syndrome in Northern Vietnamese children aged 6-11 years: an exploratory study.","Journal of pediatric endocrinology & metabolism : JPEM","2026 Apr 24",MODERATE,Diabetes,General,General,Observational/Cohort,0,0,0
42035782,"Freedom through technology: transforming management of type 2 diabetes.","The lancet. Diabetes & endocrinology","2026 Apr 23",LOW,Diabetes,General,T2D,Other,0,0,0
42045802,"Selective neuroanatomical alterations in children with growth hormone deficiency: a volumetric MRI analysis using automated segmentation.","Journal of pediatric endocrinology & metabolism : JPEM","2026 Apr 23",LOW,Growth,"","",Observational/Cohort,0,0,0
42025318,"The Landscape of Pediatric Differentiated Thyroid Carcinoma and Predictors of Invasive Disease: A CATC Study.","The Journal of clinical endocrinology and metabolism","2026 Apr 22",MODERATE,Thyroid,"","",Observational/Cohort,0,0,0
41787735,"Long-acting growth hormone for treating growth hormone deficiency in children: a meta-analysis of randomized controlled trials focusing on changes in body mass index.","The Journal of clinical endocrinology and metabolism","2026 Apr 22",HIGH,Growth,"","",Meta-analysis,1,0,0
41358924,"Adolescent ""Lean PCOS"" Is Characterized by Higher Insulin Resistance and Adverse Adipokine Profile.","The Journal of clinical endocrinology and metabolism","2026 Apr 22",MODERATE,Diabetes,General,General,Observational/Cohort,0,0,0
41349002,"Impact of Growth-promoting Therapies on Puberty, Growth, and Final Height in Classical 21-hydroxylase Deficiency.","The Journal of clinical endocrinology and metabolism","2026 Apr 22",MODERATE,Puberty,"","",Observational/Cohort,0,0,0
41329339,"Disordered Eating Behaviors During Adolescence and Risk of Polycystic Ovary Syndrome: A Prospective Cohort Study.","The Journal of clinical endocrinology and metabolism","2026 Apr 22",MODERATE,PCOS,"","",Observational/Cohort,0,0,0
41288361,"Maternal Thyroid Hormone Imbalance and Risk of Autism Spectrum Disorder.","The Journal of clinical endocrinology and metabolism","2026 Apr 22",MODERATE,Thyroid,"","",Observational/Cohort,0,0,0
41239863,"Growth Hormone Withdrawal in Mid-Puberty: No Impact on Near Adult Height in Adolescents With Transient Idiopathic GHD.","The Journal of clinical endocrinology and metabolism","2026 Apr 22",MODERATE,Growth,"","","Prospective Study",0,0,0
41229307,"Reproductive Hormones During Minipuberty Suggest Subtle Testicular Impairments in Boys With Hypospadias.","The Journal of clinical endocrinology and metabolism","2026 Apr 22",MODERATE,Diabetes,General,General,Observational/Cohort,0,0,0
41225718,"Delineating Pediatric Adrenocortical Tumors by GC-MS Urinary Steroid Metabolome Analysis: Observations From the MET Study.","The Journal of clinical endocrinology and metabolism","2026 Apr 22",LOW,Adrenal,"","",Other,0,0,0
41186271,"Glucometabolic Control and Anti-Transglutaminase Antibodies at Celiac Disease Onset in Type 1 Diabetes Youth.","The Journal of clinical endocrinology and metabolism","2026 Apr 22",MODERATE,Diabetes,General,T1D,Observational/Cohort,0,0,0
41183501,"Gonadal Function and Its Evolution in 46,XX Testicular/Ovotesticular DSD.","The Journal of clinical endocrinology and metabolism","2026 Apr 22",MODERATE,DSD,"","",Observational/Cohort,0,0,0
41172278,"Altered Glucagon Response to Oral Glucose in Individuals at Different Stages of Type 1 Diabetes Development.","The Journal of clinical endocrinology and metabolism","2026 Apr 22",LOW,Diabetes,General,T1D,Cross-Sectional,0,0,0
41162339,"Increased Levels of the Vitamin D Metabolite Ratio Are Protective Against Progression From Islet Autoimmunity to T1D.","The Journal of clinical endocrinology and metabolism","2026 Apr 22",MODERATE,Diabetes,General,T1D,Observational/Cohort,0,0,0
41157964,"Effect of Vosoritide Therapy on IGF-I and Endogenous C-Type Natriuretic Peptide in Hypochondroplasia.","The Journal of clinical endocrinology and metabolism","2026 Apr 22",LOW,Growth,"","",Other,0,0,0
42017812,"Life Course Cumulative BMI Burden From Childhood to Adulthood and Risk of Metabolic Multimorbidity: A 36-Year Prospective Cohort Study.","Diabetes care","2026 Apr 22",MODERATE,Diabetes,General,General,Observational/Cohort,0,0,0
41258701,"A Novel POR G88S Mutation Causes Severe PORD and Establishes a Critical Pharmacogenomic Risk Profile.","The Journal of clinical endocrinology and metabolism","2026 Apr 22",LOW,DSD,"","","Case Series",0,0,0
42011955,"A Comparative Assessment of Large Language Models in Congenital Hypothyroidism: Reliability, Quality and Readability.","Journal of clinical research in pediatric endocrinology","2026 Apr 21",LOW,Thyroid,"","",Other,0,0,0
42012235,"Clinical features and GH response in 25 children with duplications in the SHOX region.","European journal of endocrinology","2026 Apr 21",MODERATE,Growth,"","",Registry/Database,0,0,0
42013231,"Diagnosis of Growth Hormone Deficiency in Children: Comparative Performance of Arginine Versus Glucagon as the First Stimulation Test.","Clinical endocrinology","2026 Apr 21",MODERATE,Growth,"","",Observational/Cohort,0,0,0
42034966,"Comment on ""Exploratory real-world experience with glucagon-like peptide 1 receptor agonists vs. metformin in youth with new-onset type 2 diabetes: a single-center retrospective study"".","Journal of pediatric endocrinology & metabolism : JPEM","2026 Apr 21",LOW,Diabetes,General,T2D,Observational/Cohort,0,0,0
42035284,"Response to comment on ""Exploratory real-world experience with GLP-1 receptor agonists vs. metformin in youth with new-onset type 2 diabetes: a single-center retrospective study"".","Journal of pediatric endocrinology & metabolism : JPEM","2026 Apr 21",LOW,Diabetes,General,T2D,Observational/Cohort,0,0,0
42010026,"Pathophysiology, diagnosis and management of secondary osteoporosis.","Nature reviews. Endocrinology","2026 Apr 20",HIGH,Bone/Calcium,"","",Review,0,0,0
42026007,"A conceptual framework for modernising and right-sizing global diabetes care.","The lancet. Diabetes & endocrinology","2026 Apr 20",LOW,Diabetes,General,General,Other,0,0,0
41999619,"Polish recommendations for the early detection of type 1 diabetes in the pediatric population - position statement of the Polish Society of Pediatric Endocrinology and Diabetology and the Pediatric Section of the Diabetes Poland 2026.","Hormone research in paediatrics","2026 Apr 18",PRACTICE-ALTERING,Diabetes,General,T1D,Guideline/Consensus,1,0,0
41999617,"Diabetic Kidney Disease Screening and Management Practices Amongst North American Pediatric Endocrinologists Caring for Youth with Type 2 Diabetes.","Hormone research in paediatrics","2026 Apr 18",LOW,Diabetes,General,T2D,Survey/Questionnaire,0,0,0
41999616,"Early-Onset Monogenic Obesity Due to LEPR Deficiency: Fatal Outcome in childhood in the era of precision therapy.","Hormone research in paediatrics","2026 Apr 18",LOW,Obesity/Metabolic,"","",Other,0,0,0
41999618,"Glucagon-like peptide-1 receptor agonists (GLP1RA) in the management of mitochondrial diabetes in an adolescent: A Case Report.","Hormone research in paediatrics","2026 Apr 18",LOW,Diabetes,Technology,General,Other,0,0,0
42009016,"What REDEFINE 5 signals for obesity trials in Asia and beyond.","The lancet. Diabetes & endocrinology","2026 Apr 17",LOW,Obesity/Metabolic,"","",Other,0,0,0
42009015,"Efficacy and safety of co-administered cagrilintide and semaglutide versus semaglutide alone in adults with overweight or obesity with or without type 2 diabetes in Japan and Taiwan (REDEFINE 5): a multicentre, randomised, active-controlled, phase 3a trial.","The lancet. Diabetes & endocrinology","2026 Apr 17",MODERATE,Diabetes,General,T2D,Other,0,0,0
41988663,"Clinical and Genetic Characterization of Noonan Syndrome in a Colombian Pediatric Cohort.","Journal of clinical research in pediatric endocrinology","2026 Apr 16",LOW,Growth,"","",Observational/Cohort,0,0,0
41991772,"Precision medicine in low-income settings and small island developing states.","Nature reviews. Endocrinology","2026 Apr 16",HIGH,Genetics,"","",Review,0,0,0
41991771,"The effect of hypoglycaemia on neurodevelopment: insights from congenital hyperinsulinism.","Nature reviews. Endocrinology","2026 Apr 16",LOW,Hyperinsulinism,"","",Other,0,0,0
41999714,"Implications of microplastics as emerging endocrine disruptors.","The lancet. Diabetes & endocrinology","2026 Apr 15",LOW,"General Endocrinology","","",Letter/Correspondence,0,0,0
41986816,"Nature vs nurture of glucose homeostasis trajectories in children from the ALSPAC study.",Diabetologia,"2026 Apr 15",MODERATE,Diabetes,General,T2D,Other,0,0,0
41980002,"Natural History of the Hyperinsulinism Hyperammonemia Syndrome - A Retrospective Review Incorporating Patient-centered Data.","Hormone research in paediatrics","2026 Apr 14",LOW,Hyperinsulinism,"","",Observational/Cohort,0,0,0
41981815,"Continuous Glucose Monitoring in Insulin-Treated Type 2 Diabetes Mellitus in Sweden: A Scoping Review and Policy Landscape Analysis.","Diabetes technology & therapeutics","2026 Apr 14",MODERATE,Diabetes,Technology,T2D,Review,0,0,0
41978437,"A 13-Year-Old Girl with Congenital Hyperinsulinemic Hypoglycemia Due to an ABCC8 Mutation and Recent Onset of Diabetes Mellitus: A Case Report and Literature Review.","Journal of clinical research in pediatric endocrinology","2026 Apr 14",LOW,Hyperinsulinism,"","",Other,0,0,0
41981277,"NKX6.1 expression is linked to successful pancreatic islet transplantation.","Nature reviews. Endocrinology","2026 Apr 14",LOW,Diabetes,General,General,Other,0,0,0
41981276,"Causes of sarcopenia and frailty in people taking GLP1RAs.","Nature reviews. Endocrinology","2026 Apr 14",LOW,"General Endocrinology","","",Other,0,0,0
41981275,"Neurokinin receptor antagonists for vasomotor symptoms: from KNDy neurons to clinical translation.","Nature reviews. Endocrinology","2026 Apr 14",MODERATE,Other,"General Endocrinology","",Review,0,0,1
41979040,"Evaluation of male reproductive function after aromatase inhibitor treatment during adolescence: case series with literature review.","Journal of pediatric endocrinology & metabolism : JPEM","2026 Apr 14",LOW,Growth,"","",Observational/Cohort,0,0,0
41969133,"Effect of androgens on retinal microvasculature in prepubertal girls with isolated premature pubarche.","Journal of pediatric endocrinology & metabolism : JPEM","2026 Apr 14",LOW,Puberty,"","",Other,0,0,0
41979033,"Report on the 2nd Conference of the German Society for Paediatric and Adolescent Endocrinology and Diabetology (DGPAED) in Leipzig/Halle, Saale 2025.","Journal of pediatric endocrinology & metabolism : JPEM","2026 Apr 14",LOW,"General Endocrinology","","",Letter/Correspondence,0,0,0
41974972,"Human thyroid organoids: tools for understanding thyroid diseases and development.","Nature reviews. Endocrinology","2026 Apr 13",HIGH,Thyroid,"","",Review,0,0,0
42047515,"The clinical picture of symptomatic Rathke cleft cysts in children.","Journal of pediatric endocrinology & metabolism : JPEM","2026 Apr 13",LOW,Other,"General Endocrinology","",Other,0,0,1
41966075,"Endocrine and metabolic features of PTEN hamartoma tumor syndrome in childhood: a pediatric case series.","Journal of pediatric endocrinology & metabolism : JPEM","2026 Apr 13",LOW,Diabetes,General,General,"Case Series",0,0,0
41965132,"A novel multimorbidity: co-occurrence of neonatal diabetes mellitus and leukocyte adhesion deficiency type 1 in two siblings.","Journal of pediatric endocrinology & metabolism : JPEM","2026 Apr 13",LOW,Diabetes,General,MODY/Monogenic,Other,0,0,0
41973196,"Updates on paediatric MASLD: insights from an endocrine lens.",Diabetologia,"2026 Apr 13",HIGH,Diabetes,General,T2D,Review,0,0,0
41968498,"MiniMed™ 780G System Users Achieve Similar Glycemic Outcomes Regardless of Socioeconomic Disadvantage.","Diabetes technology & therapeutics","2026 Apr 12",LOW,Diabetes,Technology,General,"Real-World Study",0,0,0
41968580,"Sex- and Pubertal Stage-Specific Bone Microarchitecture and Strength in Adolescents With Type 1 Diabetes.","The Journal of clinical endocrinology and metabolism","2026 Apr 11",MODERATE,Diabetes,Technology,T1D,Observational/Cohort,0,0,0
41968405,"Letter to the Editor from Miller et al.: ""Long-Acting Growth Hormone for Treating Growth Hormone Deficiency in Children: A Meta-Analysis of Randomized Controlled Trials Focusing on Changes in Body Mass Index"".","The Journal of clinical endocrinology and metabolism","2026 Apr 11",HIGH,Growth,"","",Meta-analysis,1,0,0
41967490,"A Phase II Basket Trial of Vosoritide in Children with RASopathies, ACAN and NPR2 Deficiency.","The Journal of clinical endocrinology and metabolism","2026 Apr 10",MODERATE,Growth,"","","Prospective Study",0,0,0
41950159,"MKRN3 variants in central precocious puberty as an example of the complexity to classify missense variants in imprinted genes as pathogenic.","Hormone research in paediatrics","2026 Apr 08",LOW,Puberty,"","",Observational/Cohort,0,0,0
41950158,"Co-designing Peer Support Interventions for Adolescents with Type 1 Diabetes and their Caregivers: A novel integration of community-based participatory research and human-centred design thinking.","Hormone research in paediatrics","2026 Apr 08",LOW,Diabetes,General,T1D,Other,0,0,0
41965096,"Genetics of Familial Acromegaly and Pituitary Gigantism.","The Journal of clinical endocrinology and metabolism","2026 Apr 08",LOW,"General Endocrinology","","",Other,0,0,0
41964640,"Clinical picture of early infancy PTH resistance syndromes: is it time to improve diagnostic criteria?","The Journal of clinical endocrinology and metabolism","2026 Apr 08",MODERATE,Bone/Calcium,"","",Observational/Cohort,0,0,0
41952051,"Non-Classical Presentations of Rare Hereditary Hypoparathyroidism: A Case Series of CASR, GNA11 and GATA3 Mutations.","Clinical endocrinology","2026 Apr 08",LOW,Bone/Calcium,"","","Case Series",0,0,0
41955566,"The use of denosumab in rare bone diseases in adults: a systematic review from the ECTS Rare Bone Disease Action Group.","The Journal of clinical endocrinology and metabolism","2026 Apr 07",HIGH,Bone/Calcium,"","","Systematic Review",0,0,0
41947337,"Early Initiation of Automated Insulin Delivery at Type 1 Diabetes Diagnosis in Children and Adolescents Is Associated with Improved Outcomes.","Diabetes technology & therapeutics","2026 Apr 07",MODERATE,Diabetes,Technology,T1D,Observational/Cohort,0,0,0
41946950,"Data-driven diabetes mellitus subtypes and precision care.","Nature reviews. Endocrinology","2026 Apr 07",LOW,Diabetes,General,General,Other,0,0,0
41956113,"A case of Alström syndrome with growth hormone deficiency and dyslipidemia: a novel homozygous frameshift variant of ALMS1 c.5763del.","Journal of pediatric endocrinology & metabolism : JPEM","2026 Apr 07",LOW,Growth,"","",Other,0,0,0
41956115,"A rare coexistence: tyrosinemia type III and Wolff-Parkinson-White syndrome.","Journal of pediatric endocrinology & metabolism : JPEM","2026 Apr 07",LOW,Diabetes,General,General,Other,0,0,0
41955216,"Steroids, stress, and body mass index interact to accelerate female pubertal development.","The Journal of clinical endocrinology and metabolism","2026 Apr 07",MODERATE,Puberty,"","",Observational/Cohort,0,0,0
41980610,"DXA-measured truncal adiposity in adolescence but not in childhood longitudinally predicts worsening cardiac outcomes.","European journal of endocrinology","2026 Apr 06",MODERATE,Bone/Calcium,"","",Observational/Cohort,0,0,0
41934628,"Circulating immune profiles in ACTH-dependent Cushing's syndrome.","European journal of endocrinology","2026 Apr 06",MODERATE,Adrenal,"","",Observational/Cohort,0,0,0
41823987,"Adiposity rebound and height velocity in patients with congenital adrenal hyperplasia.","European journal of endocrinology","2026 Apr 06",MODERATE,Adrenal,"","",Observational/Cohort,0,0,0
41985044,"Severe osteogenesis imperfecta due to homozygous glycine substitutions in COL1A1 and COL1A2.","European journal of endocrinology","2026 Apr 06",LOW,Growth,"","",Other,0,0,0
41934635,"Real-world Effectiveness of Burosumab Across Age Groups: X-linked Hypophosphatemia (XLH) Disease Monitoring Program.","The Journal of clinical endocrinology and metabolism","2026 Apr 04",MODERATE,Bone/Calcium,"","",Observational/Cohort,0,0,0
41933907,"Beyond the Coefficient of Variation: Reframing Glycemic Variability as Dispersion and Volatility.","Diabetes technology & therapeutics","2026 Apr 03",LOW,Diabetes,General,General,Letter/Correspondence,0,0,0
41926547,"Clinical and Biochemical Monitoring of MCT8 Deficiency (Allan-Herndon-Dudley Syndrome) Across the Lifespan: Practical Considerations for Multidisciplinary Care.","Hormone research in paediatrics","2026 Apr 02",PRACTICE-ALTERING,Thyroid,"","",Guideline/Consensus,1,0,0
41925716,"Differences in Clinical Manifestations and Islet Autoantibodies by Age in Adult-Onset Type 1 Diabetes.","Diabetes care","2026 Apr 02",MODERATE,Diabetes,General,T1D,Observational/Cohort,0,0,0
41921573,"The association between PFAS exposure, menstrual cycle parameters, and reproductive hormones in adolescent girls.","The Journal of clinical endocrinology and metabolism","2026 Apr 01",LOW,"General Endocrinology","","",Other,0,0,0
41861135,"Rethinking Liver Transaminases to Predict Diabetes Risk in Children With MASLD.","Diabetes care","2026 Apr 01",LOW,Diabetes,General,General,Editorial/Commentary,0,0,0
41701609,"National Trends in Expenditures on Glucose-Lowering Medications in U.S. Adults With Diabetes: 2000-2022.","Diabetes care","2026 Apr 01",LOW,Diabetes,General,General,Survey/Questionnaire,0,0,0
41678362,"Maternal Diabetes and Early Neurodevelopment: Differential Milestone Attainment in Offspring by Diabetes Type.","Diabetes care","2026 Apr 01",MODERATE,Diabetes,General,T1D,Observational/Cohort,0,0,0
41364086,"Longitudinal Analysis of Liver Chemistry Trajectories and Risk of Type 2 Diabetes in Children With Metabolic Dysfunction-Associated Steatotic Liver Disease: A Multicenter Cohort Study.","Diabetes care","2026 Apr 01",MODERATE,Diabetes,General,T2D,Observational/Cohort,0,0,0
41092054,"Thyroid, Celiac, and Other Autoimmune Diseases and the Risk of Incident Type 1 Diabetes in Young Adulthood.","Diabetes care","2026 Apr 01",MODERATE,Diabetes,General,T1D,Observational/Cohort,0,0,0
41921546,"Association between puberty timing and metabolic health at Young adulthood.","The Journal of clinical endocrinology and metabolism","2026 Apr 01",MODERATE,Diabetes,General,T2D,Observational/Cohort,0,0,0
41572913,"Hybrid Closed-Loop Disconnection Reduces the Risk of Hypoglycemia in Active Children and Adolescents with Type 1 Diabetes: A Randomized Controlled Pilot Study.","Diabetes technology & therapeutics","2026 Apr",MODERATE,Diabetes,Technology,T1D,RCT,1,0,0
41845055,"Greater recognition required for thyroid disorders.","Nature reviews. Endocrinology","2026 Apr",LOW,Thyroid,"","",Editorial/Commentary,0,0,0
41741844,"The genetics behind thyroid disease.","Nature reviews. Endocrinology","2026 Apr",LOW,Thyroid,"","",Other,0,0,0
41699120,"The long-overlooked effect of hypothyroidism on the global burden of non-communicable diseases.","Nature reviews. Endocrinology","2026 Apr",LOW,Thyroid,"","",Other,0,0,0
41667654,"Making a droplet: the adipogenin-seipin complex at work.","Nature reviews. Endocrinology","2026 Apr",LOW,"General Endocrinology","","",Other,0,0,0
41634215,"Brain neurons promote skeletal dysfunction in ageing.","Nature reviews. Endocrinology","2026 Apr",LOW,"General Endocrinology","","",Other,0,0,0
41507499,"The public health burden of diabetes mellitus and thyroid disease: twin epidemics.","Nature reviews. Endocrinology","2026 Apr",HIGH,Diabetes,General,General,Review,0,0,0
41402496,"Two roads to thermogenesis: vascular and parenchymal sympathetic innervation of brown adipose tissue.","Nature reviews. Endocrinology","2026 Apr",LOW,"General Endocrinology","","",Other,0,0,0
41249474,"Kidney diseases and the thyroid: interactions and consequences.","Nature reviews. Endocrinology","2026 Apr",HIGH,Thyroid,"","",Review,0,0,0
41198906,"Hypothyroidism, atherosclerosis and cardiovascular risk prevention.","Nature reviews. Endocrinology","2026 Apr",HIGH,Thyroid,"","",Review,0,0,0
41087677,"The complexity of the relationship between thyroid disease and body weight.","Nature reviews. Endocrinology","2026 Apr",HIGH,Thyroid,"","",Review,0,0,0
41856737,"Causal inference in perinatal epidemiology: big data's false promises.","The lancet. Diabetes & endocrinology","2026 Apr",LOW,"General Endocrinology","","",Letter/Correspondence,0,0,0
41833290,"Sleep your way to better metabolic health.","The lancet. Diabetes & endocrinology","2026 Apr",LOW,"General Endocrinology","","",Editorial/Commentary,0,0,0
41785912,"USP8 genotype and tumour size as predictors for recurrence in Cushing's disease.","The lancet. Diabetes & endocrinology","2026 Apr",LOW,Adrenal,"","",Other,0,0,0
41785910,"Risk of recurrence after successful surgery for Cushing's disease and association with USP8 genotype and tumour size: an international, retrospective, longitudinal cohort study.","The lancet. Diabetes & endocrinology","2026 Apr",MODERATE,Pituitary,"","",Observational/Cohort,0,0,0
41771284,"Correction to Lancet Diabetes Endocrinol 2026; 14: 317-26.","The lancet. Diabetes & endocrinology","2026 Apr",LOW,Diabetes,General,General,Other,0,0,1
41765034,"Autologous and allogeneic stem cell-derived islet therapy in three recipients with type 1 diabetes and complete loss of endogenous pancreatic β-cell function pretransplant.","The lancet. Diabetes & endocrinology","2026 Apr",LOW,Diabetes,General,T1D,Letter/Correspondence,0,0,0
41763235,"Additional benefits of combining GLP-1 receptor agonist use with lifestyle modification.","The lancet. Diabetes & endocrinology","2026 Apr",LOW,Obesity/Metabolic,"","",Other,0,0,0
41763234,"Combined associations of GLP-1 receptor agonists and a healthy lifestyle with cardiovascular outcomes among individuals with type 2 diabetes: a prospective cohort study.","The lancet. Diabetes & endocrinology","2026 Apr",MODERATE,Diabetes,General,T2D,Observational/Cohort,0,0,0
41763233,"From survival to freedom: redefining success in type 1 diabetes.","The lancet. Diabetes & endocrinology","2026 Apr",HIGH,Diabetes,Technology,T1D,Review,0,0,0
41759549,"Reuniting diabetes through the islet coordinate framework.","The lancet. Diabetes & endocrinology","2026 Apr",LOW,Diabetes,General,General,Other,0,0,0
41747752,"Automated insulin delivery systems and improved glycaemic outcomes in type 1 diabetes: what comes next?","The lancet. Diabetes & endocrinology","2026 Apr",LOW,Diabetes,Technology,T1D,Other,0,0,0
41747751,"Tubeless automated insulin delivery versus multiple daily injections in children and adults with type 1 diabetes with elevated HbA1c (RADIANT): a multicentre, international, parallel-group, open-label, randomised, controlled trial.","The lancet. Diabetes & endocrinology","2026 Apr",PRACTICE-ALTERING,Diabetes,Technology,T1D,RCT,1,0,0
41730814,"Efficacy and safety of relacorilant for the treatment of patients with Cushing's syndrome (GRACE): a multicentre, phase 3, double-blind, placebo-controlled, randomised-withdrawal study.","The lancet. Diabetes & endocrinology","2026 Apr",HIGH,Other,Adrenal,"",RCT,0,0,1
41730813,"Diabetes and mental health.","The lancet. Diabetes & endocrinology","2026 Apr",HIGH,Diabetes,General,T1D,Review,0,0,0
41730812,"Specific cortisol blockade in Cushing's syndrome.","The lancet. Diabetes & endocrinology","2026 Apr",LOW,Adrenal,"","",Other,0,0,0
41611635,"46,XY Gonadal Dysgenesis Due to NR0B1 Duplication: A Systematic Review.","Clinical endocrinology","2026 Apr",HIGH,DSD,"","","Systematic Review",1,0,0
41549445,"Patients With Pituitary Neuroendocrine Tumours Requiring Neurosurgery -Who Is Referring Them?","Clinical endocrinology","2026 Apr",MODERATE,Pituitary,"","",Observational/Cohort,0,0,0
41414753,"Performance of Plasma Renin Assays in Guiding Mineralocorticoid Dosing in Children With Adrenal Insufficiency.","Clinical endocrinology","2026 Apr",LOW,Diabetes,Technology,General,Other,0,0,0
41395711,"Autoimmune Thyroid Disease in a Cohort of Children With Increased Genetic Susceptibility to Type 1 Diabetes: The Environmental Determinants of Diabetes in the Young Study.","Clinical endocrinology","2026 Apr",MODERATE,Diabetes,General,T1D,Observational/Cohort,0,0,0
41413297,"Dietary intake of vitamins A, B, C, D and E and risk of islet autoimmunity and type 1 diabetes in genetically at-risk children: a prospective study from the DIPP birth cohort.",Diabetologia,"2026 Apr",MODERATE,Diabetes,General,T1D,Observational/Cohort,0,0,0
41958866,"A worldwide perspective on clinical characteristics and treatment of youth with monogenic diabetes in the SWEET registry.","Journal of the Endocrine Society","2026 Apr",MODERATE,Diabetes,General,MODY/Monogenic,Observational/Cohort,0,0,0
41422462,"Characterisation of human pancreatic mesenchymal stromal cells in type 1 diabetes.",Diabetologia,"2026 Apr",LOW,Diabetes,General,T1D,Other,0,0,0
41924297,"Comprehensive genetic rescreening improves diagnostic yield in congenital hyperinsulinism.","Journal of the Endocrine Society","2026 Apr",LOW,Hyperinsulinism,"","",Observational/Cohort,0,0,0
41907689,"Burosumab treatment in an adult with FGF23-mediated hypophosphatemia due to cutaneous skeletal hypophosphatemia syndrome.","Journal of the Endocrine Society","2026 Apr",LOW,Bone/Calcium,"","",Other,0,0,0
41852457,"Per- and polyfluoroalkyl substances and adolescent bone mineral density: assessing periods of susceptibility.","Journal of the Endocrine Society","2026 Apr",MODERATE,Bone/Calcium,"","",Observational/Cohort,0,0,0
41852454,"The ontogeny of sex differences in exercise performance.","Journal of the Endocrine Society","2026 Apr",LOW,Puberty,"","",Other,0,0,0
41958867,"A prospective cohort study of the factors associated with recurrence in young patients with thyroid cancer.","Journal of the Endocrine Society","2026 Apr",MODERATE,Thyroid,"","",Observational/Cohort,0,0,0
41852455,"Adipose tissue distribution and metabolic profile of young individuals with turner syndrome.","Journal of the Endocrine Society","2026 Apr",LOW,Growth,"","",Cross-Sectional,0,0,0
41907688,"Impact of antenatal exposure to a mixture of endocrine disruptors on attentional and executive functions in children.","Journal of the Endocrine Society","2026 Apr",LOW,"General Endocrinology","","",Observational/Cohort,0,0,0
41369738,"Gestational glycaemia reflects lifelong glycaemia: the Pune Maternal Nutrition Study.",Diabetologia,"2026 Apr",MODERATE,Diabetes,General,GDM,Observational/Cohort,0,0,0
41022571,"Continuous Glucose Monitoring and Long-Term Assessment of Islet Function in Autologous Islet Transplantation after Total Pancreatectomy for Neoplasm: Preliminary Insights from a Prospective Study.","Diabetes technology & therapeutics","2026 Apr",LOW,Diabetes,Technology,General,"Prospective Study",0,0,0
41055383,"User Experiences of a Bihormonal Fully Closed-Loop System Among Adults with Type 1 Diabetes in a Real-World Setting: A Qualitative Analysis.","Diabetes technology & therapeutics","2026 Apr",LOW,Diabetes,Technology,T1D,"Real-World Study",0,0,0
41924298,"Free testosterone independently predicts metabolic syndrome severity in U.S. adolescent girls aged 12-19 years.","Journal of the Endocrine Society","2026 Apr",LOW,PCOS,"","",Survey/Questionnaire,0,0,0
41203252,"Real-World Duration of Dexcom G7 Continuous Glucose Monitor Wear in Youth and Young Adults with Type 1 Diabetes.","Diabetes technology & therapeutics","2026 Apr",LOW,Diabetes,Technology,T1D,Observational/Cohort,0,0,0
41027845,"Lack of Association Between Hemoglobin A1c and Continuous Glucose Monitor Metrics Among Individuals with Prediabetes and Normoglycemia.","Diabetes technology & therapeutics","2026 Apr",MODERATE,Diabetes,Technology,T2D,Observational/Cohort,0,0,0
40986451,"Decision Support Tool for Self-Management of Insulin Dosing in Type 1 Diabetes with Multiple Daily Injections: A Proof-of-Concept Study.","Diabetes technology & therapeutics","2026 Apr",HIGH,Diabetes,Technology,T1D,RCT,1,0,0
41958865,"Placental gene signatures associated with high neonatal adiposity: role for immune cell activation.","Journal of the Endocrine Society","2026 Apr",LOW,Obesity/Metabolic,"","",Other,0,0,0
41039942,"Medication Use in Type 1 Diabetes and the Association with Socioeconomic Disadvantage: Analysis of a National Linked Dataset.","Diabetes technology & therapeutics","2026 Apr",LOW,Diabetes,General,T1D,Observational/Cohort,0,0,0
41017336,"Developing and Evaluating a Natural Language Processing Algorithm to Detect Insulin Pump and Continuous Glucose Monitor Use in Electronic Health Records of Patients with Type 1 Diabetes.","Diabetes technology & therapeutics","2026 Apr",LOW,Diabetes,Technology,T1D,Other,0,0,0
41005768,"A Real-World Study Comparing Advanced Hybrid Closed-Loop Systems During Pregnancy in Women with Type 1 Diabetes.","Diabetes technology & therapeutics","2026 Apr",MODERATE,Diabetes,Technology,T1D,Observational/Cohort,0,0,0
40911427,"Corrigendum to: ""The Virtual DCCT #3: Relationship of HbA1c and CGM Metrics with Cardiovascular Outcomes"".","Diabetes technology & therapeutics","2026 Apr",LOW,Diabetes,Technology,General,Other,0,0,0
41264343,"Automated Insulin Delivery Beyond Glycemic Outcomes: Endpoints and Evidence.","Diabetes technology & therapeutics","2026 Apr",MODERATE,Diabetes,Technology,T1D,Review,0,0,0
41264350,"Mitigation Strategies for a Missed Meal Bolus in People with Type 1 Diabetes Using the Minimed™ 780G System.","Diabetes technology & therapeutics","2026 Apr",LOW,Diabetes,Technology,T1D,"Prospective Study",0,0,0
41798896,"Androgen and estrogen secretory dynamics in longitudinally followed moderately and late preterm infant girls.","Journal of the Endocrine Society","2026 Apr",LOW,Puberty,"","",Observational/Cohort,0,0,0
41081623,"Automated Insulin Delivery Is Associated with Reduced Hospital Admissions and Costs for Acute Diabetes Complications in Children with Type 1 Diabetes.","Diabetes technology & therapeutics","2026 Apr",LOW,Diabetes,Technology,T1D,"Health Economics",0,0,0
41970147,"Mapping Lifestyle Factors in Blood Glucose Variability in Adolescents With Type 1 Diabetes Mellitus: A Pilot Study.","Pediatric diabetes",2026,LOW,Diabetes,Technology,T1D,"Pilot Study",0,0,0
41959591,"Achieving Glycemic Targets in and out-of-School: Real-World Data From 1341 Italian Children Using the MiniMed 780G System During Auto Mode.","Pediatric diabetes",2026,LOW,Diabetes,Technology,T1D,"Real-World Study",0,0,0
41953514,"Sex-Specific BMI Trajectories in Young People With Type 1 Diabetes: A 20-Year Retrospective Regional Audit.","Pediatric diabetes",2026,MODERATE,Diabetes,General,T1D,Observational/Cohort,0,0,0
41930239,"Treatment of Youth-Onset Type 2 Diabetes: Focus on SGLT-2 Inhibitor Use.","Pediatric diabetes",2026,MODERATE,Diabetes,General,T2D,Review,0,0,0
41800356,"Epidemiological Trends and Seasonal Patterns in Childhood Type 1 Diabetes: Insights From 2001 to 2024 in Lithuania.","Pediatric diabetes",2026,LOW,Diabetes,General,T1D,Other,0,0,0
41778062,"Long-Term Growth Outcomes of Children With Type 1 Diabetes According to Glycemic Control and Use of Continuous Glucose Monitoring: A Retrospective Cohort Study.","Pediatric diabetes",2026,MODERATE,Diabetes,Technology,T1D,Observational/Cohort,0,0,0
41778061,"Real-World Experience With Control-IQ Technology in Saudi Children With Insulin-Dependent Diabetes: A Single-Center Observational Study.","Pediatric diabetes",2026,MODERATE,Diabetes,Technology,General,Observational/Cohort,0,0,0
42064780,"Gestational and postpartum maternal consequences of gestational diabetes mellitus.","Frontiers in endocrinology",2026,LOW,Diabetes,General,T2D,Registry/Database,0,0,0
42064778,"Correction: Post-vaccination SARS-CoV-2 infections and antibody responses after BNT162b2 in patients with severe obesity: a retrospective cohort study.","Frontiers in endocrinology",2026,LOW,Other,Obesity/Metabolic,"",Observational/Cohort,0,0,1
42064776,"Testicular microenvironment disruption in varicocele: mechanisms and implications for spermatogenesis.","Frontiers in endocrinology",2026,MODERATE,"General Endocrinology","","",Review,0,0,0
42064775,"Editorial: Enhancing adrenal tumor diagnostics: biomarkers and molecular mechanisms.","Frontiers in endocrinology",2026,LOW,Adrenal,"","",Editorial/Commentary,0,0,0
42064774,"Cadmium chloride and erectile dysfunction: integrative evidence from network toxicology, Mendelian randomization, and in vitro validation.","Frontiers in endocrinology",2026,LOW,Other,"General Endocrinology","",Other,0,0,1
42064773,"A three-parameter online nomogram for diabetic retinopathy risk in primary care: development and external validation in an independent cohort of type 2 diabetes.","Frontiers in endocrinology",2026,MODERATE,Diabetes,General,T2D,Observational/Cohort,0,0,0
42064772,"From incidentaloma to actionable insight: a clinical-molecular-imaging framework for risk-stratified management of testicular microlithiasis.","Frontiers in endocrinology",2026,MODERATE,"General Endocrinology","","",Review,0,0,0
42064771,"Vitamin D and cardiovascular autonomic neuropathy in type 2 diabetes mellitus according to diabetic kidney disease stage.","Frontiers in endocrinology",2026,LOW,Diabetes,General,T2D,Other,0,0,0
42064770,"Maternal fat-soluble vitamin trajectories and infant birth weight in individuals with overweight or obesity.","Frontiers in endocrinology",2026,LOW,Diabetes,Technology,General,Other,0,0,0
42064769,"The accuracy of lipid accumulation product to predict metabolic syndrome in PCOS: a meta-analysis and comparative analysis with other indicators.","Frontiers in endocrinology",2026,HIGH,PCOS,"","",Meta-analysis,0,0,0
42064768,"Sodium-glucose cotransporter-2 inhibitors in cancer patients with type 2 diabetes and established immune checkpoint inhibitor-related cardiotoxicity: a retrospective analysis.","Frontiers in endocrinology",2026,LOW,Diabetes,General,T2D,Observational/Cohort,0,0,0
42064767,"Expert meeting report: epidemiology and management of acquired hypothalamic obesity.","Frontiers in endocrinology",2026,HIGH,Pituitary,"","",RCT,1,0,0
42064766,"Cardiovascular risk in primary aldosteronism: inflammatory drivers, residual risk, and emerging combination strategies.","Frontiers in endocrinology",2026,MODERATE,Adrenal,"","",Review,0,0,0
42064765,"Machine learning-based risk predictive models for depression in patients with diabetes: a systematic review and meta-analysis.","Frontiers in endocrinology",2026,HIGH,Diabetes,General,General,Meta-analysis,0,0,0
42064764,"The impact of antidiabetic drugs on dementia risk: a Bayesian network meta-analysis.","Frontiers in endocrinology",2026,PRACTICE-ALTERING,Diabetes,General,"",Meta-analysis,0,0,1
42064763,"Integrated causal inference, kidney transcriptomics, and experimental validation identify ChREBP (MLXIPL) as a driver of maladaptive metabolic remodeling in diabetic kidney disease.","Frontiers in endocrinology",2026,LOW,Diabetes,General,T2D,Other,0,0,0
42064762,"Type 2 diabetes mellitus and cancer: A systematic review and meta-analysis of Mendelian randomization studies.","Frontiers in endocrinology",2026,HIGH,Diabetes,General,T2D,Meta-analysis,0,0,0
42064761,"Integrating behaviour, physiology, and immune response to social stress in fish.","Frontiers in endocrinology",2026,MODERATE,Adrenal,"","",Review,0,0,1
42064760,"Pancreatic islet cell calcium ion imaging at single-cell resolution: functional identification of first-responder, highly connected (""hub""), and leader beta-cells.","Frontiers in endocrinology",2026,MODERATE,Diabetes,General,General,Review,0,0,0
42064759,"Chaihu-Wendan Decoction alleviates obesity through PTEN-mediated uncoupling of metabolic signaling and macrophage activation.","Frontiers in endocrinology",2026,LOW,Diabetes,General,General,Other,0,0,0
42064758,"Application of multimodal ultrasound in the biomechanical evaluation of carotid intima-media thickness in type 2 diabetes mellitus: a focus on subclinical vascular changes.","Frontiers in endocrinology",2026,LOW,Diabetes,General,T2D,Observational/Cohort,0,0,0
42058792,"The role of endocrine-disrupting chemicals in obesity: mechanisms, evidence, and public health implications.","Frontiers in endocrinology",2026,MODERATE,Obesity/Metabolic,"","",Review,0,0,0
42058791,"Endorsement of artificial intelligence guidelines across leading endocrinology journals: a cross-sectional analysis.","Frontiers in endocrinology",2026,LOW,Obesity/Metabolic,"","",Cross-Sectional,0,0,0
42058790,"Effects of a 50% versus 100% pre-prandial insulin bolus reduction to improve glycemic safety during postprandial continuous and intermittent exercise in adults with type 1 diabetes treated with multiple daily injections.","Frontiers in endocrinology",2026,HIGH,Diabetes,General,T1D,RCT,0,0,0
42058789,"Low-normal FT4 in early pregnancy as an independent risk factor for GDM: a large-scale retrospective cohort study.","Frontiers in endocrinology",2026,LOW,Diabetes,General,GDM,Observational/Cohort,0,0,0
42058788,"Risk association and diagnostic value of body roundness index for cardiovascular-kidney-metabolic-related outcomes: a systematic review and meta-analysis.","Frontiers in endocrinology",2026,HIGH,Obesity/Metabolic,"","",Meta-analysis,0,0,0
42058787,"Editorial: Technologies for diabetes, volume III.","Frontiers in endocrinology",2026,LOW,Diabetes,Technology,General,Editorial/Commentary,0,0,0
42058786,"Risk factors for diabetic kidney disease in type 2 diabetes mellitus in Asia: a meta-analysis.","Frontiers in endocrinology",2026,HIGH,Diabetes,General,T2D,Meta-analysis,0,0,0
42058785,"Effects of autologous platelet-rich plasma in recurrent implantation failure: a systematic review and meta-analysis.","Frontiers in endocrinology",2026,PRACTICE-ALTERING,Other,"General Endocrinology","",Meta-analysis,0,0,1
42058784,"A novel nomogram based on HALP score for predicting time to glycemic stability in hospitalized type 2 diabetes patients.","Frontiers in endocrinology",2026,LOW,Diabetes,General,T2D,Observational/Cohort,0,0,0
42058783,"Development and validation of a prediction model for microvascular complications of type 2 diabetes based on inflammation-metabolism composite indicators.","Frontiers in endocrinology",2026,LOW,Diabetes,General,T2D,Observational/Cohort,0,0,0
42058782,"Remission rate of type 2 diabetes mellitus following multidisciplinary management in the diabetes reversal clinic and its predictive factors: a real-world study.","Frontiers in endocrinology",2026,LOW,Diabetes,General,T2D,Observational/Cohort,0,0,0
42058781,"Sex-specific aspects in the development of tissue metabolic damage in a non-obese prediabetic model.","Frontiers in endocrinology",2026,LOW,Diabetes,General,General,Other,0,0,0
42051464,"Gouty arthritis model: delving into disease pathways and uncovering possible therapeutic targets.","Frontiers in endocrinology",2026,MODERATE,Other,"General Endocrinology","",Review,0,0,1
42051463,"Relationship between apolipoprotein M levels and diabetic retinopathy in patients with type 2 diabetes mellitus.","Frontiers in endocrinology",2026,LOW,Diabetes,General,T2D,Cross-Sectional,0,0,0
42051462,"Association of the glucose metabolism continuum (fasting plasma glucose/HbA1c) with tear-film stability and secretion: ocular surface evidence across non-diabetes, prediabetes, and diabetes.","Frontiers in endocrinology",2026,LOW,Diabetes,General,General,Cross-Sectional,0,0,0
42051461,"Gut microbiota in chronic kidney disease-mineral and bone disorder: shared mechanisms, disease-specific signatures, and therapeutic prospects.","Frontiers in endocrinology",2026,MODERATE,Bone/Calcium,"","",Review,0,0,0
42051460,"Machine learning-based prediction of NAFLD in patients with type 2 diabetes using routine clinical and biochemical indicators.","Frontiers in endocrinology",2026,LOW,Diabetes,General,T2D,Cross-Sectional,0,0,0
42051459,"Quercetin in metabolic diseases: mechanisms, therapeutics, and multidimensional frontiers.","Frontiers in endocrinology",2026,MODERATE,Diabetes,General,General,"Systematic Review",0,0,1
42051458,"ECM remodeling features in reparative chondrocytes during knee osteoarthritis.","Frontiers in endocrinology",2026,LOW,Other,"General Endocrinology","",Other,0,0,1
42051457,"New findings in diabetic kidney disease: correlation and enhanced combined diagnostic value of sclerostin and 25(OH)VD.","Frontiers in endocrinology",2026,LOW,Diabetes,General,T2D,Other,0,0,0
42051455,"Gut microbiome dysbiosis in PCOS: from pathogenesis to microbiome-targeted therapies.","Frontiers in endocrinology",2026,MODERATE,Diabetes,General,General,Review,0,0,0
42051454,"Rethinking the prognostic and biological significance of neuroendocrine marker expression in colorectal carcinoma.","Frontiers in endocrinology",2026,LOW,Other,"General Endocrinology","",Other,0,0,1
42051452,"Association between stress hyperglycemic ratio and stroke in older people with metabolic syndrome: a prospective cohort study from UK Biobank.","Frontiers in endocrinology",2026,MODERATE,Diabetes,General,General,Observational/Cohort,0,0,0
41938119,"Post-ACTH peak cortisol response is associated with genotype in children with nonclassic congenital adrenal hyperplasia.","Frontiers in endocrinology",2026,LOW,Adrenal,"","",Observational/Cohort,0,0,0
39536731,"Genotype-Phenotype Correlation and Feminizing Surgery in Danish Children with Congenital Adrenal Hyperplasia.","Hormone research in paediatrics",2026,MODERATE,Adrenal,"","",Observational/Cohort,0,0,0
39447557,"Recognition of Hyperinsulinaemic Hypoglycaemia in Infants with Congenital Central Hypoventilation Syndrome.","Hormone research in paediatrics",2026,LOW,Hyperinsulinism,"","",Observational/Cohort,0,0,0
39657609,"The Use of Automated Insulin Delivery around Physical Activity and Exercise in Type 1 Diabetes: A Position Statement of the European Association for the Study of Diabetes (EASD) and the International Society for Pediatric and Adolescent Diabetes (ISPAD).","Hormone research in paediatrics",2026,PRACTICE-ALTERING,Diabetes,Technology,T1D,Guideline/Consensus,1,0,0
41890172,"Evaluation of novel inflammatory biomarkers in overweight, obese, and morbidly obese children: a cross-sectional study.","Frontiers in endocrinology",2026,MODERATE,Diabetes,General,General,Observational/Cohort,0,0,0
41847449,"Male sex assignment in severely virilized 46,XX children with congenital adrenal hyperplasia.","Frontiers in endocrinology",2026,LOW,Adrenal,"","",Observational/Cohort,0,0,0
41778163,"Trends and outcomes of fertility preservation in patients presenting with cancer during pregnancy or postpartum-a longitudinal observational cohort study.","Frontiers in endocrinology",2026,LOW,"General Endocrinology","","",Observational/Cohort,0,0,0
39571543,"Clinical Predictors of Good/Poor Response to Growth Hormone Treatment in Children with Idiopathic Short Stature.","Hormone research in paediatrics",2026,HIGH,Growth,"","",RCT,1,0,0
39348816,"Surveying Current Practices in the Use of Gadolinium-Based Contrast Agents for Routine Brain Magnetic Resonance Imaging in the Evaluation of Isolated Growth Hormone Deficiency among US Pediatric Endocrinologists.","Hormone research in paediatrics",2026,LOW,Growth,"","",Survey/Questionnaire,0,0,0
41924525,"Editorial: Early prevention of childhood obesity: identifying risks and implementing effective interventions.","Frontiers in endocrinology",2026,LOW,Obesity/Metabolic,"","",Editorial/Commentary,0,0,0
40064154,"Development of Obesity following Treatment for Childhood Malignancies.","Hormone research in paediatrics",2026,MODERATE,"Cancer Late Effects","","",Review,1,0,0
41573056,"Maternal Autoimmune Disease and Childhood-Onset Type 1 Diabetes: A Nationwide Population-Based Nested Case-Control Study.","Pediatric diabetes",2026,MODERATE,Diabetes,General,T1D,Observational/Cohort,0,0,0
41958885,"Maternal and neonatal vitamin D metabolite profiling and its long-term impact on childhood growth: findings from the KLOTHO birth cohort.","Frontiers in endocrinology",2026,LOW,Diabetes,Technology,General,Observational/Cohort,0,0,0
41869038,"Cryopreservation duration does not affect pregnancy or neonatal outcomes in single high-quality blastocyst transfers: a multicenter retrospective study.","Frontiers in endocrinology",2026,MODERATE,"General Endocrinology","","",Observational/Cohort,0,0,1
41788782,"Mapping sex-based multimorbidity networks in type 1 diabetes: a real-world study from Shanghai.","Frontiers in endocrinology",2026,MODERATE,Diabetes,General,T1D,"Real-World Study",0,0,0
39250908,"Ovarian Insufficiency in Adolescent Females with Transfusion-Dependent β-Thalassemia: Pituitary versus Ovarian Iron Overload.","Hormone research in paediatrics",2026,LOW,Puberty,"","",Other,0,0,0
39038449,"Obesity Is Associated with Increased 11-Oxyandrogen Serum Concentrations during Puberty.","Hormone research in paediatrics",2026,LOW,Diabetes,Technology,General,Observational/Cohort,0,0,0
41727682,"Automated bone age assessment in rare pediatric growth disorders: a comparative study using Deeplasia.","Frontiers in endocrinology",2026,LOW,Bone/Calcium,"","",Observational/Cohort,0,0,0
41553947,"The Effectiveness of Novel E-Health Applications in the Prevention and Management of Childhood Obesity.","Hormone research in paediatrics",2026,LOW,Obesity/Metabolic,"","","Prospective Study",0,0,0
39571550,"Adult Height in Girls with Central Precocious Puberty with Onset after 6 Years: Effects of Gonadotropin-Releasing Hormone Analog Therapy.","Hormone research in paediatrics",2026,LOW,Puberty,"","",Observational/Cohort,0,0,0
40527292,"Polygenic Childhood Obesity: Integrating Genetics and Environment for Early Intervention.","Hormone research in paediatrics",2026,MODERATE,Obesity/Metabolic,"","",Review,0,0,0
41884206,"Central precocious puberty in Türkiye, 2018-2024: national incidence, prevalence, and changes across the COVID-19 period.","Frontiers in endocrinology",2026,LOW,Puberty,"","",Observational/Cohort,0,0,0
41907543,"Children with craniopharyngioma resection had better response to recombinant human growth hormone therapy than those with idiopathic short stature.","Frontiers in endocrinology",2026,LOW,Growth,"","",Observational/Cohort,0,0,0
39362204,"ISPAD Position Statement on Type 1 Diabetes in Schools.","Hormone research in paediatrics",2026,PRACTICE-ALTERING,Diabetes,General,T1D,Guideline/Consensus,1,0,0
41727685,"Single-cell analysis reveals the cellular and transcriptional heterogeneity of the normal pediatric thyroid.","Frontiers in endocrinology",2026,LOW,Thyroid,"","",Other,0,0,0
42006263,"Uterine morphology in normogonadotropic anovulation: a comparative study of polycystic ovary syndrome and hypothalamic-pituitary-ovarian dysfunction.","Frontiers in endocrinology",2026,LOW,Diabetes,General,General,"Prospective Study",0,0,0
40393426,"Obesity in Childhood and Adolescence: Epidemiology and Financial Implications.","Hormone research in paediatrics",2026,MODERATE,Obesity/Metabolic,"","",Review,0,0,0
39719130,"Thyrotoxic Hypokalemic Periodic Paralysis Induced by High-Dose Insulin in an Adolescent Male with Type 1 Diabetes Mellitus.","Hormone research in paediatrics",2026,LOW,Diabetes,General,T1D,Other,0,0,0
41821745,"Efficacy and safety of Dysmenorrhea Patch acupoint application in women with primary dysmenorrhea: a randomized double-blind controlled trial.","Frontiers in endocrinology",2026,HIGH,"General Endocrinology","","",RCT,0,0,0
41847450,"Sex- and stage-dependent expression of gonadal soma-derived factor paralogues reveals functional and evolutionary divergence in European sea bass (Dicentrarchus labrax).","Frontiers in endocrinology",2026,LOW,Puberty,"","",Other,0,0,0
41858856,"Predictive value of OGTT parameters and clinical markers in gestational diabetes mellitus: a prospective randomized controlled trial from a tertiary center in Türkiye.","Frontiers in endocrinology",2026,HIGH,Diabetes,General,GDM,RCT,0,0,0
41685246,"Long-acting growth hormone for pediatric GHD: insights into molecular modification and clinical application.","Frontiers in endocrinology",2026,MODERATE,Growth,"","",Review,0,0,0
39406189,"Ketone Management in Pediatric Diabetes Centers in the USA: Current Practices and a Call for Improved Standardization.","Hormone research in paediatrics",2026,LOW,Diabetes,Technology,T1D,Survey/Questionnaire,0,0,0
41737050,"Clinical parameters and emerging biomarkers of partial remission in pediatric type 1 diabetes: a systematic review.","Frontiers in endocrinology",2026,HIGH,Diabetes,Technology,T1D,"Systematic Review",0,0,0
39362209,"Variability in Body Mass Index during 2018-2021 for People with Type 1 Diabetes: Real World Data from the USA, Germany, and Australasia.","Hormone research in paediatrics",2026,LOW,Diabetes,General,T1D,Registry/Database,0,0,0
39476806,"The Clinical and Genetic Diversity of Thyroid Hormone Resistance: Four Clinical Vignettes.","Hormone research in paediatrics",2026,LOW,Thyroid,"","","Real-World Study",0,0,0
41767402,"Glycemic control, including Time in Tight Range (TITR) evaluation, in children with type 1 diabetes treated with the MiniMed 780G system: a 3-year prospective, observational, two-center study.","Frontiers in endocrinology",2026,LOW,Diabetes,Technology,T1D,Observational/Cohort,0,0,0
39369697,"Strategies for Equitable Recruitment to Engage Underrepresented Youth and Their Families into Clinical Research: Findings from the BEAD-T1D Pilot Study.","Hormone research in paediatrics",2026,LOW,Diabetes,General,T1D,Observational/Cohort,0,0,0
39809244,"Epigenetics of Childhood Obesity.","Hormone research in paediatrics",2026,MODERATE,Obesity/Metabolic,"","",Review,0,0,0
40695258,"Novel Insights into the Pathophysiology and Management of Obesity in Childhood and Adolescence.","Hormone research in paediatrics",2026,LOW,Obesity/Metabolic,"","",Editorial/Commentary,0,0,0
41884215,"From hypercalcemia to the diagnosis of pseudohypoparathyroidism type 1b: a case report.","Frontiers in endocrinology",2026,LOW,Bone/Calcium,"","",Other,0,0,0
39396497,"Associations of Co-Exposure to Polycyclic Aromatic Hydrocarbons and Heavy Metals with Sex Steroid Hormones among Children Aged 6-19 Years.","Hormone research in paediatrics",2026,LOW,Puberty,"","",Survey/Questionnaire,0,0,0
39427650,"Phase 2 Trial of Vosoritide Use in Patients with Hypochondroplasia: A Pharmacokinetic/Pharmacodynamic Analysis.","Hormone research in paediatrics",2026,LOW,Diabetes,Technology,General,Other,0,0,0
41958878,"The effect of continuous glucose monitoring on neonatal outcomes in pregnant women with diabetes.","Frontiers in endocrinology",2026,HIGH,Diabetes,Technology,GDM,Meta-analysis,1,0,0
42039121,"Case Report: Integrating clinical presentation and genetic analysis in P450 oxidoreductase deficiency: a novel mutation and systematic review.","Frontiers in endocrinology",2026,HIGH,Puberty,"","","Systematic Review",1,0,0
41757230,"Pregnancy and neonatal outcomes following time-lapse versus conventional embryo culture: a retrospective cohort study.","Frontiers in endocrinology",2026,LOW,"General Endocrinology","","",Observational/Cohort,0,0,1
40139165,"The Role of Endocrine Disruptors in Childhood Obesity: Unraveling the Obesogens.","Hormone research in paediatrics",2026,MODERATE,Obesity/Metabolic,"","",Review,0,0,0
41767394,"Genotype-phenotype correlations of fasting C-peptide and lipids in HNF1A-MODY: a single-center series and multi-center cross-sectional analysis in Chinese population.","Frontiers in endocrinology",2026,LOW,Diabetes,General,MODY/Monogenic,Cross-Sectional,0,0,0
39462490,"Novel Protocol for the Use of Advanced Hybrid Closed-Loop System in Adolescents Engaged in Contact Sports.","Hormone research in paediatrics",2026,LOW,Diabetes,Technology,T1D,Observational/Cohort,0,0,0
41533559,"Dietary Habits in Children and Adolescents with Overweight and Obesity in Greece.","Hormone research in paediatrics",2026,MODERATE,Obesity/Metabolic,"","","Prospective Study",0,0,0
39602887,"Feasibility of Using Continuous Glucose Monitoring to Detect Glycemic Abnormalities in Children with Cystic Fibrosis.","Hormone research in paediatrics",2026,MODERATE,Diabetes,Technology,General,"Clinical Trial",1,0,0
41717547,"Characteristics and outcome of pediatric and adult differentiated thyroid cancer with distant metastases.","Frontiers in endocrinology",2026,LOW,Thyroid,"","",Other,0,0,0
41928888,"Effects of gender-affirming hormone therapy from adolescence to adulthood on cardiovascular function: a cross-sectional study.","Frontiers in endocrinology",2026,LOW,Obesity/Metabolic,"","",Cross-Sectional,0,0,0
41890194,"Serum osteocalcin as a novel biomarker for differentiating growth hormone deficiency from idiopathic short stature.","Frontiers in endocrinology",2026,LOW,Growth,"","",Cross-Sectional,0,0,0
41150838,"The EndoCompass Research Roadmap: Directions for the Future of Endocrine Science.","Hormone research in paediatrics",2026,LOW,"General Endocrinology","","",Editorial/Commentary,0,0,0
42039127,"High-dose vitamin D therapy and prolonged partial remission of type 1 diabetes - a case report.","Frontiers in endocrinology",2026,HIGH,Diabetes,Technology,T1D,RCT,1,0,0
41695839,"Association Between Celiac Disease and Uncontrolled Hemoglobin A1c Levels in Type 1 Diabetes Pediatric Patients.","Pediatric diabetes",2026,LOW,Diabetes,General,T1D,Observational/Cohort,0,0,0
41685245,"Early hyperaesthesia and late hypoaesthesia as manifestations of sensory neuropathy in dentistry - two case reports.","Frontiers in endocrinology",2026,LOW,Diabetes,General,T1D,Other,0,0,0
41767373,"Case Report: Developmental-like skeletal deformities and transient osteosclerosis as rare presentations of primary hyperparathyroidism.","Frontiers in endocrinology",2026,LOW,Bone/Calcium,"","",Other,0,0,0
39186929,"Defining Success in the Delivery of Fertility-Related Care for Patients with Differences of Sex Development.","Hormone research in paediatrics",2026,LOW,DSD,"","",Other,0,0,0
39557026,"The Influence of X Chromosome Parent-of-Origin on Glycemia in Individuals with Turner Syndrome.","Hormone research in paediatrics",2026,LOW,Diabetes,General,General,Other,0,0,0
41890189,"Utility of continuous glucose monitoring during pancreatic surgery in patients with congenital hyperinsulinism.","Frontiers in endocrinology",2026,LOW,Hyperinsulinism,"","",Observational/Cohort,0,0,0
41869028,"Impact of adenomyosis on pregnancy outcomes following frozen embryo transfer: development and validation of a single-center clinical predictive model.","Frontiers in endocrinology",2026,LOW,"General Endocrinology","","",Observational/Cohort,0,0,1
41970975,"Case Report: Familial hCG syndrome with elevated hCG level concurrently in blood and cerebrospinal fluid.","Frontiers in endocrinology",2026,LOW,Puberty,"","",Other,0,0,0
41675570,"The associations between epilepsy, metabolism, and their clinical implications.","Frontiers in endocrinology",2026,MODERATE,Diabetes,General,General,Review,0,0,0
41767368,"Early-life antibiotic exposure and type 1 diabetes risk: a systematic review and meta-analysis.","Frontiers in endocrinology",2026,HIGH,Diabetes,General,T1D,Meta-analysis,0,0,0
41993989,"Global, regional and national burden of polycystic ovary syndrome: historical trends from 1990 to 2021 and projections to 2035.","Frontiers in endocrinology",2026,LOW,PCOS,"","",Other,0,0,0
41798197,"Novel RAD50 variants lead to Nijmegen Breakage Syndrome-like disorder and unplanned recombinant human growth hormone treatment response.","Frontiers in endocrinology",2026,LOW,Growth,"","",Other,0,0,0
41970972,"Effect of pericentric inversion of chromosome 9 on reproductive outcomes in assisted reproductive technology: a propensity score-matched cohort study.","Frontiers in endocrinology",2026,LOW,Genetics,"","",Observational/Cohort,0,0,1
41821747,"A clinically actionable nomogram integrating HbA1c, renal function, and blood pressure for early prediction of diabetic macular edema in working-age patients with type 2 diabetes.","Frontiers in endocrinology",2026,MODERATE,Diabetes,General,T2D,Observational/Cohort,0,0,0
41675571,"Spatiotemporal characterization of ghrelin and cholecystokinin levels in the gastrointestinal tract of juvenile Sparus aurata: effects of feeding status and diet composition.","Frontiers in endocrinology",2026,LOW,"General Endocrinology","","",Other,0,0,0
41987891,"Exogenous glucocorticoid dose impacts circulating microRNA expression in patients with adrenal insufficiency due to 21-hydroxylase deficiency.","Frontiers in endocrinology",2026,LOW,Diabetes,General,General,"Pilot Study",0,0,0
41890181,"Study on the correlation between hyperuricemia and components of metabolic syndrome in T2DM in China: a single-center, observational study.","Frontiers in endocrinology",2026,LOW,Diabetes,General,T2D,Observational/Cohort,0,0,0
41658513,"Novel variation in the CEL gene causing impaired fasting glucose in a Chinese pediatric patient: case report and literature review.","Frontiers in endocrinology",2026,MODERATE,Diabetes,General,MODY/Monogenic,Review,0,0,0
41726151,"The Mediating Effects of Diabetes Self-Management on the Relationship Between Diabetes Distress and Quality of Life Among School-Age Children With Type 1 Diabetes Mellitus During the COVID-19 Pandemic.","Pediatric diabetes",2026,LOW,Diabetes,General,T1D,Cross-Sectional,0,0,0
41798193,"Glucagon-like peptide-1 agonists in children with obesity and type 2 diabetes. an umbrella review.","Frontiers in endocrinology",2026,HIGH,Diabetes,General,T2D,"Systematic Review",0,0,0
41837125,"Precision management of medullary thyroid carcinoma: a dynamic framework integrating biomarkers, genotyping, and risk stratification.","Frontiers in endocrinology",2026,MODERATE,Thyroid,"","",Review,0,0,0
41924524,"Associations of cholesterol, high-density lipoprotein and glucose index and triglyceride-glucose-related indices with carotid atherosclerosis in young and middle-aged individuals.","Frontiers in endocrinology",2026,LOW,Diabetes,General,General,Cross-Sectional,0,0,0
42051450,"Endocrine-informed monitoring of scoliosis in Prader-Willi syndrome: integrating neuroendocrine pathophysiology, growth hormone therapy, and pubertal transition.","Frontiers in endocrinology",2026,MODERATE,Growth,"","",Review,0,0,0
41884214,"Vertical ground reaction forces and loading rates during typical activities in children and adolescents: sex- and maturity-specific considerations for bone health.","Frontiers in endocrinology",2026,LOW,Bone/Calcium,"","",Other,0,0,0
41788765,"Denosumab in pediatric patients with fibrous dysplasia/McCune-Albright syndrome: a single-center, open-labeled study.","Frontiers in endocrinology",2026,MODERATE,Diabetes,General,T1D,RCT,0,0,0
42006275,"Maternal obesity alters adipogenic potential and mitochondrial maximal respiration in infant mesenchymal stem cells.","Frontiers in endocrinology",2026,LOW,Obesity/Metabolic,"","",Other,0,0,0
41869029,"Serum progesterone and vaginal gel dose in artificial-cycle frozen embryo transfer: association with pregnancy outcome.","Frontiers in endocrinology",2026,LOW,"General Endocrinology","","",Observational/Cohort,0,0,1
42006273,"Prevalence and characteristics of overweight/obesity in children newly diagnosed with type 1 diabetes in Kuwait.","Frontiers in endocrinology",2026,LOW,Diabetes,General,T1D,Observational/Cohort,0,0,0
41552835,"From Pathophysiology to Treatment: Contemporary Approaches to CFRD in the Pediatric and Adolescent Population.","Pediatric diabetes",2026,HIGH,Diabetes,Technology,T2D,RCT,1,0,0
41890183,"digiBONE: an automated tool for segmental Greulich-Pyle bone age assessment of Indian children and adolescents.","Frontiers in endocrinology",2026,LOW,Growth,"","",Other,0,0,0
41685229,"Two-year real-world experience with somatrogon in children and adolescents with growth hormone deficiency.","Frontiers in endocrinology",2026,LOW,Growth,"","",Observational/Cohort,0,0,0
39500298,"Utility of First-Morning-Voided Urinary Total Luteinizing Hormone in Detecting the Onset of Central Puberty.","Hormone research in paediatrics",2026,LOW,Puberty,"","",Other,0,0,0
41948559,"Single-center experience description of surgical management of diffuse congenital hyperinsulinism in a pediatric non-current cohort.","Frontiers in endocrinology",2026,LOW,Hyperinsulinism,"","",Observational/Cohort,0,0,0
41767372,"Current insights into monitoring of congenital adrenal hyperplasia.","Frontiers in endocrinology",2026,MODERATE,Adrenal,"","",Review,0,0,0
41837139,"Phase angle as an early-warning indicator of glycaemic control in adults with type 1 diabetes mellitus: a cross-sectional study.","Frontiers in endocrinology",2026,LOW,Diabetes,General,T1D,Cross-Sectional,0,0,0
41869033,"The impact of maternal gestational diabetes mellitus on cardiac structural and functional parameters in infants.","Frontiers in endocrinology",2026,LOW,Diabetes,General,GDM,Observational/Cohort,0,0,0
41907541,"Metabolic-associated steatotic liver disease in children and adolescents: a scoping review and narrative synthesis of epidemiology, risk factors, and screening approaches with emerging implications for sub-Saharan Africa.","Frontiers in endocrinology",2026,HIGH,Diabetes,Technology,General,"Systematic Review",0,0,0
41982776,"Case Report: Two infants with hypercalcemia of rare and distinct etiologies.","Frontiers in endocrinology",2026,LOW,Diabetes,General,T1D,Other,0,0,0
41970987,"SWIIM study protocol: a pre-post study evaluating the implementation of an established pediatric diabetes management program to improve glycemic outcomes for children and young people with type 1 diabetes.","Frontiers in endocrinology",2026,LOW,Diabetes,Technology,T1D,Observational/Cohort,0,0,0
41907557,"Early postnatal growth predictors of catch-up growth in term small-for-gestational-age infants: a nationwide propensity-score-matched study.","Frontiers in endocrinology",2026,MODERATE,Growth,"","",Observational/Cohort,0,0,0
41669248,"Is the Current Screening Availability for Early Stages of Type 1 Diabetes in Germany Related to the Population-Based Frequency of Diabetic Ketoacidosis at Clinical Manifestation in Children and Adolescents.","Pediatric diabetes",2026,MODERATE,Diabetes,General,T1D,Registry/Database,0,0,0
41918972,"Depression comorbidity in children and adolescents with type 2 diabetes mellitus: a systematic review and meta-analysis.","Frontiers in endocrinology",2026,HIGH,Diabetes,General,T2D,Meta-analysis,0,0,0
39536728,"Response to Recombinant Human Growth Hormone Therapy in Short Children Born at Very Low Birth Weight.","Hormone research in paediatrics",2026,LOW,Growth,"","",Observational/Cohort,0,0,0
40159376,"Innovative Care for Children and Adolescents with Severe and/or Genetic Obesity.","Hormone research in paediatrics",2026,MODERATE,Obesity/Metabolic,"","",Review,0,0,0
41788780,"Effect of maternal isolated hypothyroxinemia in the first trimester on offspring neurodevelopment: a prospective cohort study.","Frontiers in endocrinology",2026,LOW,Thyroid,"","",Observational/Cohort,0,0,0
39602902,"Co-Occurrence of Two Rare Diseases: A Child with Phenylketonuria and <italic>WNT1</italic> Osteoporosis.","Hormone research in paediatrics",2026,LOW,Bone/Calcium,"","",Other,0,0,0
41970970,"Clinical characteristics and individualized treatment strategies for children with type 1 diabetes and exogenous insulin antibody syndrome: a retrospective case series and literature review.","Frontiers in endocrinology",2026,MODERATE,Diabetes,Technology,T1D,Review,0,0,0
41982769,"Dietary fiber supplementation mitigates gestational diabetes risk and preterm birth via gut microbiota modulation: a randomized controlled trial.","Frontiers in endocrinology",2026,HIGH,Diabetes,General,GDM,RCT,0,0,0
39378853,"Genetic Analyses in a Cohort of Pediatric Patients with Congenital Hypothyroidism Based on Congenital Hypothyroidism Consensus Guideline.","Hormone research in paediatrics",2026,LOW,Thyroid,"","",Observational/Cohort,0,0,0
39819748,"The Central Control of Energy Metabolism: Hypothalamic Obesity Is Not One Disease.","Hormone research in paediatrics",2026,MODERATE,Obesity/Metabolic,"","",Review,0,0,0
41890175,"Living with congenital adrenal hyperplasia: insights on quality of life.","Frontiers in endocrinology",2026,LOW,Adrenal,"","",Cross-Sectional,0,0,0
41798194,"Short stature-related factors and nomogram-based risk prediction in children aged 7-12: evidence from Chaozhou, China.","Frontiers in endocrinology",2026,MODERATE,Growth,"","",Observational/Cohort,0,0,0
42039118,"Turner syndrome across the lifespan: a 25-year single-center experience from neonatal diagnosis to adult outcomes.","Frontiers in endocrinology",2026,LOW,Growth,"","",Observational/Cohort,0,0,0
41982770,"Association between insulin resistance trajectories and perinatal complications: a retrospective cohort study.","Frontiers in endocrinology",2026,LOW,Diabetes,General,GDM,Observational/Cohort,0,0,0
42022909,"Ovulation induction or artificial programmed protocol: which endometrial preparation approach is more favorable in reducing obstetrical and neonatal complications for ovulation disorder patients undergoing frozen-thawed embryo transfer?","Frontiers in endocrinology",2026,MODERATE,"General Endocrinology","","",Observational/Cohort,0,0,0
41852472,"Narrative medicine approach for assessing the emotional experience of children and adolescents treated with daily rhGH and their caregivers.","Frontiers in endocrinology",2026,LOW,Growth,"","",Other,0,0,0
41852478,"Application research on the quantitative evaluation of carotid arterial elasticity in overweight adolescents using ultra-fast pulse wave technology.","Frontiers in endocrinology",2026,LOW,Obesity/Metabolic,"","",Other,0,0,0
39437749,"Novel Insights: A Novel PHIP Variant in a Family with Severe Early-Onset Obesity.","Hormone research in paediatrics",2026,LOW,Obesity/Metabolic,"","",Other,0,0,0
40684755,"The Effect of Childhood Obesity on Growth: Interpretation of Growth Hormone Provocation Tests.","Hormone research in paediatrics",2026,MODERATE,Growth,"","",Review,0,0,0
41269909,"Growth Hormone Therapy and Quality of Life: Evidence versus Assumptions.","Hormone research in paediatrics",2026,LOW,Growth,"","",Editorial/Commentary,0,0,0
41987892,"Long-term trajectories of reproductive and pituitary-adrenal-thyroid hormones in young males following Omicron BA.2 infection: a two-year prospective cohort study.","Frontiers in endocrinology",2026,LOW,Thyroid,"","",Observational/Cohort,0,0,0
39467526,"Do Changes in BMI during the COVID-19 Pandemic Persist in the Post-Pandemic Period in a Pediatric Population Attending Health Care Clinics? A Longitudinal Study.","Hormone research in paediatrics",2026,MODERATE,Obesity/Metabolic,"","",Observational/Cohort,0,0,0
41379723,"The Effectiveness of a Multidisciplinary, Personalized Lifestyle Intervention Program of Diet, Sleep and Physical Activity in the Management of Overweight and Obesity in Adolescence.","Hormone research in paediatrics",2026,HIGH,Obesity/Metabolic,"","","Clinical Trial",0,0,0
40015255,"Unveiling the Link: Obesity, Diet, Hypothalamic Inflammation, and Central Precocious Puberty - Recent Insights and Implications.","Hormone research in paediatrics",2026,MODERATE,Puberty,"","",Review,0,0,0
41970995,"Childhood systemic glucocorticoid exposure and subsequent alterations in myocardial structure and cardiac function: a narrative review of clinical evidence.","Frontiers in endocrinology",2026,MODERATE,Adrenal,"","",Review,0,0,0
41694565,"Identification of maturity-onset diabetes of the young through targeted next-generation sequencing in Thai patients with atypical diabetes in real-world practice.","Frontiers in endocrinology",2026,LOW,Diabetes,General,MODY/Monogenic,Observational/Cohort,0,0,0
41821744,"The relationship between pituitary size and the response to recombinant human growth hormone therapy in children with isolated growth hormone deficiency.","Frontiers in endocrinology",2026,LOW,Growth,"","",Observational/Cohort,0,0,0
39293420,"Insulin-Induced Copeptin Response in Children and Adolescents to Diagnose Arginine Vasopressin Deficiency.","Hormone research in paediatrics",2026,LOW,Pituitary,"","",Observational/Cohort,0,0,0
41704483,"Severe pediatric hypocalcemia in Vietnam: etiologic profile, clinical outcomes and risk factors in 246 cases.","Frontiers in endocrinology",2026,MODERATE,Bone/Calcium,"","",Observational/Cohort,0,0,0
41727684,"Clinical tools for evaluating congenital adrenal hyperplasia in resource-limited hospitals: a study at a tertiary hospital in Saudi Arabia.","Frontiers in endocrinology",2026,LOW,Adrenal,"","",Observational/Cohort,0,0,0
39419009,"The Role of DLK1 Deficiency in Central Precocious Puberty and Association with Metabolic Dysregulation.","Hormone research in paediatrics",2026,LOW,Diabetes,General,General,Observational/Cohort,0,0,0
41669543,"The effects of combined endurance training of different intensities and resistance training on bone mineral density, microstructure and mechanical properties of rats.","Frontiers in endocrinology",2026,LOW,Puberty,"","",Other,0,0,0
39602903,"Similarities and Differences in Diurnal Salivary Adrenal Hormones in Monozygotic Twins with Discordant Birthweight.","Hormone research in paediatrics",2026,LOW,Diabetes,Technology,General,Other,0,0,0
41757240,"Diagnostic accuracy of AMH for primary ovarian insufficiency/premature ovarian failure: a real-world cohort study.","Frontiers in endocrinology",2026,MODERATE,"General Endocrinology","","",Observational/Cohort,0,0,1
41778167,"Surgical approaches to fertility preservation in the cancer patient: current and future directions.","Frontiers in endocrinology",2026,MODERATE,"Cancer Late Effects","","",Review,1,0,0
41756009,"Does childhood obesity foreshadow a future time-bomb of early and more aggressive cancers?","Frontiers in endocrinology",2025,MODERATE,Obesity/Metabolic,"","",Review,0,0,0
41561050,"Germline and somatic mutations in histologically atypical congenital hyperinsulinism.","Frontiers in endocrinology",2025,LOW,Hyperinsulinism,"","",Observational/Cohort,0,0,0
41607458,"Simultaneous occurrence of bilateral retroperitoneal neuroblastoma and bifocal malignant mixed germ cell tumor in a pediatric patient with 16p11.2 microdeletion syndrome: a case report.","Frontiers in endocrinology",2025,LOW,Genetics,"","",Other,0,0,0
41573206,"Impact of BMI on basal LH in premenarcheal girls with idiopathic central precocious puberty.","Frontiers in endocrinology",2025,MODERATE,Puberty,"","",Observational/Cohort,0,0,0
41669244,"Management strategies for isolated premature thelarche: a risk-stratified clinical pathway favoring ""watchful waiting"".","Frontiers in endocrinology",2025,MODERATE,Puberty,"","",Review,0,0,0
41573195,"Cardiometabolic implications of triglyceride-glucose index, remnant cholesterol, and vitamin D in normoglycemic Arab adolescents: a cross-sectional study.","Frontiers in endocrinology",2025,HIGH,Diabetes,General,General,RCT,0,0,0
41573197,"Diabetes and tumor risk: a 23-year Danish national cohort study.","Frontiers in endocrinology",2025,LOW,Diabetes,General,T1D,Observational/Cohort,0,0,0
41669242,"How hypoxia-induced diabetes develops and is maintained in children born preterm.","Frontiers in endocrinology",2025,MODERATE,Diabetes,General,T1D,Review,0,0,0
41585809,"Case Report: Resolution of complete heart block following vitamin D supplementation in a child with Graves disease.","Frontiers in endocrinology",2025,LOW,Diabetes,General,T1D,Other,0,0,0
41573211,"Effects of stress on bone health in children.","Frontiers in endocrinology",2025,MODERATE,Growth,"","",Review,0,0,0
41567807,"Effect of electroacupuncture on metabolic level and quality of life in patients with obese polycystic ovary syndrome: a randomized controlled trial.","Frontiers in endocrinology",2025,HIGH,Diabetes,General,General,RCT,0,0,0
41659330,"The gut-brain axis mediates precocious puberty induced by environmentally relevant low-dose endocrine-disrupting chemical mixtures.","Frontiers in endocrinology",2025,HIGH,Puberty,"","","Systematic Review",1,0,0
41585813,"Pulmonary mucormycosis with bacterial coinfection in an adolescent with poorly controlled type 1 diabetes: a case report.","Frontiers in endocrinology",2025,LOW,Diabetes,Technology,T1D,Other,0,0,0
41561060,"Growth hormone deficiency in three siblings homozygous for a rare GH1 haplotype.","Frontiers in endocrinology",2025,LOW,Growth,"","",Other,0,0,0
41684453,"Effect of timely diagnosis and treatment on growth and body proportionality of children with congenital hypothyroidism.","Frontiers in endocrinology",2025,LOW,Growth,"","",Cross-Sectional,0,0,0
41585812,"Overweight worsens the metabolic presentation of type 1 diabetes mellitus in children.","Frontiers in endocrinology",2025,MODERATE,Diabetes,General,T1D,Observational/Cohort,0,0,0
41659339,"Circulating thyroid hormones and metabolites in children with autism spectrum disorder.","Frontiers in endocrinology",2025,LOW,Diabetes,Technology,General,Cross-Sectional,0,0,0
41561047,"Endometriosis burden and trends among women of childbearing age from 1990 to 2021.","Frontiers in endocrinology",2025,LOW,"General Endocrinology","","",Other,0,0,0
41647110,"Gastroenteropancreatic neuroendocrine neoplasms in children and adults: a comparative review.","Frontiers in endocrinology",2025,HIGH,Genetics,"","",RCT,1,0,0
41585793,"Unveiling the hidden: acquired pediatric hypothyroidism.","Frontiers in endocrinology",2025,MODERATE,Pituitary,"","",Review,0,0,0
41675640,"Multi-gene co-mutations of BRAF with TERT, PIK3CA, or TP53 are powerful predictors of central lymph node metastasis in papillary thyroid carcinoma.","Frontiers in endocrinology",2025,MODERATE,Thyroid,"","",Observational/Cohort,0,0,0
41625243,"Risk factors for thyroid nodules in a health examination population: a cross-sectional study and development of a simplified predictive model.","Frontiers in endocrinology",2025,LOW,Thyroid,"","",Cross-Sectional,0,0,0
41635543,"Development and comparison of multivariate diagnostic models for rapidly progressive central precocious puberty in girls: the role of serum osteocalcin.","Frontiers in endocrinology",2025,LOW,Puberty,"","",Other,0,0,0
41625247,"Construction and validation of a risk prediction model for metabolic syndrome: a cross-sectional study based on randomized sampling.","Frontiers in endocrinology",2025,LOW,Obesity/Metabolic,"","",Cross-Sectional,0,0,0
41601935,"Phalangeal bone growth and implications in Turner syndrome.","Frontiers in endocrinology",2025,LOW,Growth,"","",Observational/Cohort,0,0,0
41858875,"Morphological changes and lateralization of the thalamic nuclei in children with growth hormone deficiency.","Frontiers in endocrinology",2025,LOW,Growth,"","",Other,0,0,0
41573196,"Case report: Takotsubo cardiomyopathy and cardiac arrest in a 9-year-old girl with new-onset diabetes presenting with diabetic ketoacidosis: the chicken or the egg?","Frontiers in endocrinology",2025,LOW,Diabetes,General,T1D,Other,0,0,0
41607466,"The association of screen time with childhood obesity and metabolic status: a mediation analysis of cardiorespiratory fitness.","Frontiers in endocrinology",2025,LOW,Obesity/Metabolic,"","",Survey/Questionnaire,0,0,0
41710163,"Early postnatal changes in thyroid-stimulating hormone and subsequent neurodevelopment in preterm infants.","Frontiers in endocrinology",2025,LOW,Thyroid,"","",Observational/Cohort,0,0,0
41561055,"Unlocking the heterogeneity of pediatric obesity: a phenotypic subtype-based paradigm for precision management.","Frontiers in endocrinology",2025,MODERATE,Diabetes,General,General,Review,0,0,0
41799227,"Bridging tradition and innovation: electroacupuncture's impact on premature ovarian insufficiency.","Frontiers in endocrinology",2025,MODERATE,"General Endocrinology","","",Review,0,0,1
